"","x","1N01T","1N02T","1N03T","1N04T","1N05T","1N06T","1N07T","1N08T","1N09T","1N10T","1N11T","1N12T","1N13T","1N14T","1S01T","1S02T","1S03T","1S04T","1S05T","1S06T","1S07T","1S08T","1S09T","2N01T","2N02T","2N03T","2N04T","2N05T","2N06T","2N07T","2N08T","2N09T","2N10T","2N11T","2N12T","2N13T","2N14T","2S01T","2S03T","2S04T","2S05T","2S06T","2S07T","2S08T","2S09T","3N01T","3N02T","3N03T","3S01T","3S02T","3S03T","3S04T"
"1",1,,,,,,,,,,,,,,,,,,,,,,,"000021",,,,,,,,,,,,,,,,,,,,,,,,,,,,,
"2",2,,,,,,,,,,,,,,,,,,,,,,,,,,,,,,,,"000032",,,,,,,,,,,,,,,,,,,,
"3",3,,,,,,,,,,,,,,,,,,,,,,,,,,,,,,,"000032",,,,,,,,,,,,,,,,,,,,,
"4",4,,,,,,,,,,,,,,,,,,,,,,,,,,,,,,"000032",,,,,,,,,,,,,,,,,,,,,,
"5",5,,,,,,,,,,,,"000033",,,,,,,,,,,,,,,,,,,,,,,,,,,,,,,,,,,,,,,,
"6",6,,,,,,,,,,,"000033",,,,,,,,,,,,,,,,,,,,,,,,,,,,,,,,,,,,,,,,,
"7",7,,,,,,,,,,"000033",,,,,,,,,,,,,,,,,,,,,,,,,,,,,,,,,,,,,,,,,,
"8",8,,,,,,,,,"000033",,,,,,,,,,,,,,,,,,,,,,,,,,,,,,,,,,,,,,,,,,,
"9",9,,,,,,,,"000033",,,,,,,,,,,,,,,,,,,,,,,,,,,,,,,,,,,,,,,,,,,,
"10",10,,,,,,,"000033",,,,,,,,,,,,,,,,,,,,,,,,,,,,,,,,,,,,,,,,,,,,,
"11",11,,,,,,,,,,,,,,,,,,,,,,,,,,,,,,,,,,,,,"000113",,,,,,,,,,,,,,,
"12",12,,,,,,,,,,,,,,,,,,,,,,,,,,,,,,,,,,,,"000113",,,,,,,,,,,,,,,,
"13",13,,,,,,,,,,,,,,,,,,,,,,,,,,,,,,,,,,,"000113",,,,,,,,,,,,,,,,,
"14",14,,,,,,,,,,,,,,,,,,,,,,,,,,,,,,,,,,"000113",,,,,,,,,,,,,,,,,,
"15",15,,,,,,,,,,"000113",,,,,,,,,,,,,,,,,,,,,,,,,,,,,,,,,,,,,,,,,,
"16",16,,,,,,,,,,,,,,,,,,,,,,,,,,,,,,,,,"000113",,,,,,,,,,,,,,,,,,,
"17",17,,,,,,,,,,,,,,"000113",,,,,,,,,,,,,,,,,,,,,,,,,,,,,,,,,,,,,,
"18",18,,,,,,,,,,,,,"000113",,,,,,,,,,,,,,,,,,,,,,,,,,,,,,,,,,,,,,,
"19",19,,,,,,,,,,,,"000113",,,,,,,,,,,,,,,,,,,,,,,,,,,,,,,,,,,,,,,,
"20",20,,,,,,,,,,,"000113",,,,,,,,,,,,,,,,,,,,,,,,,,,,,,,,,,,,,,,,,
"21",21,,,,,,,,,,,,,,,,,,,,,,,,,,,,,,,,"000114",,,,,,,,,,,,,,,,,,,,
"22",22,,,,,,,,,,,,,,,,,,,,,,,,,,,,,,,"000114",,,,,,,,,,,,,,,,,,,,,
"23",23,,,,,,,,,,,,,,,,,,,,,,,,,,,,,,"000114",,,,,,,,,,,,,,,,,,,,,,
"24",24,,,,,,,,,,,,,,,,,,,,,,,,,,,,,"000114",,,,,,,,,,,,,,,,,,,,,,,
"25",25,,,,,,,,,"000114",,,,,,,,,,,,,,,,,,,,,,,,,,,,,,,,,,,,,,,,,,,
"26",26,,,,,,,,"000114",,,,,,,,,,,,,,,,,,,,,,,,,,,,,,,,,,,,,,,,,,,,
"27",27,,,,,,,"000114",,,,,,,,,,,,,,,,,,,,,,,,,,,,,,,,,,,,,,,,,,,,,
"28",28,,,,,,"000114",,,,,,,,,,,,,,,,,,,,,,,,,,,,,,,,,,,,,,,,,,,,,,
"29",29,,,,,,,,,,,,,,,,,,,,,,,,,,,,,,"000118",,,,,,,,,,,,,,,,,,,,,,
"30",30,,,,,,,,,,,,,,,,,,,,,,,"000355",,,,,,,,,,,,,,,,,,,,,,,,,,,,,
"31",31,,,,,,,,,,,,,,,,"000413",,,,,,,,,,,,,,,,,,,,,,,,,,,,,,,,,,,,
"32",32,,,,,,,,,,,,,,,,,,,,,,,,,,,,,,,,,,,,,,,"000710",,,,,,,,,,,,,
"33",33,,,,,,,,,,,,,,,,,,,,,,,,,,,,,,,,,,,,,,,,"000711",,,,,,,,,,,,
"34",34,,,,,,,,,,,,,,,,,,,,,,,,,,,,,,,,,,,,,,,,,,,,,,,,,"000959",,,
"35",35,,,,,,,,,,,,,,,,,,,,,,,,,,,,,,,,,,,,,,,,,,,,,,,,,"001203",,,
"36",36,,,,,,,,,,,,,,,,,,,,,,,,,,,,,,,,,,,,,,,,,,,,,,,,,,,"001230",
"37",37,,,,,,,,,,,,,,,,,,,,,,,,,,,,,,,,,,,,,,,,,,,,"001249",,,,,,,,
"38",38,,,,,,,,,,,,,,,,,,,,,,,,,,,,,,,,,,,,,,,,,,,,"001476",,,,,,,,
"39",39,,,,"003003",,,,,,,,,,,,,,,,,,,,,,,,,,,,,,,,,,,,,,,,,,,,,,,,
"40",40,,,,,,,,,,,,,,,,,,,,,,,,,,,,,,,,,,,,,,,"003059",,,,,,,,,,,,,
"41",41,,,,,,,,,,,,,,,,,,,,,,,,,,,,,,,,,,,,,,,"003515",,,,,,,,,,,,,
"42",42,,,,"003850",,,,,,,,,,,,,,,,,,,,,,,,,,,,,,,,,,,,,,,,,,,,,,,,
"43",43,,,,,,,,,,,,,,,,,,,,,,,,,,,,,,,,,,,,,,,,,,,,,,,,,"003949",,,
"44",44,,,,,,,,,,,,,,,,,,,,,,,,,,,,,,,,,,,,,,,,,,,,"003954",,,,,,,,
"45",45,,,,,,,,,,,,,,,"004381",,,,,,,,,,,,,,,,,,,,,,,,,,,,,,,,,,,,,
"46",46,,,,,,,,,,,,,,,,,,,,,,,,,,,,,,,,,,,,,,,,,,,,,,,,,"004681",,,
"47",47,,,,,,,,,,,,,,,,,,,,,,,,,,,,,,,"005251",,,,,,,,,,,,,,,,,,,,,
"48",48,,,,,,,,,,,,,,,,,,,,,,,,,,,,,"005252",,,,,,,,,,,,,,,,,,,,,,,
"49",49,,,,,,,,,,,,,"005442",,,,,,,,,,,,,,,,,,,,,,,,,,,,,,,,,,,,,,,
"50",50,,,,,,,,,,,,,,,,,,,,,,,,,,,,,,,,,,,,,,,,,,,,"005610",,,,,,,,
"51",51,,,,,,,,,,,,,,,,,,,,,,,,,,,,,,,,,,,,,,,"005724",,,,,,,,,,,,,
"52",52,"005791",,,,,,,,,,,,,,,,,,,,,,,,,,,,,,,,,,,,,,,,,,,,,,,,,,,
"53",53,,,,,,,,,,,,,,,,,,,,,,,,,,,,,,,,,,,,,,,,,,,,"005874",,,,,,,,
"54",54,,,,,"006508",,,,,,,,,,,,,,,,,,,,,,,,,,,,,,,,,,,,,,,,,,,,,,,
"55",55,,,,,,"006508",,,,,,,,,,,,,,,,,,,,,,,,,,,,,,,,,,,,,,,,,,,,,,
"56",56,,,,,,,,,,,,,,,,,,,,,,,,,,,,,,,,,,,,,,,,,,,,,,,,,"006601",,,
"57",57,,,,,,,"007242",,,,,,,,,,,,,,,,,,,,,,,,,,,,,,,,,,,,,,,,,,,,,
"58",58,,,,,,,,"007242",,,,,,,,,,,,,,,,,,,,,,,,,,,,,,,,,,,,,,,,,,,,
"59",59,,,,,,,,,"007242",,,,,,,,,,,,,,,,,,,,,,,,,,,,,,,,,,,,,,,,,,,
"60",60,,,,,,,,,,,,,,,,,,,,,,,,,,,,,,"007242",,,,,,,,,,,,,,,,,,,,,,
"61",61,,,,,,,,,,,,,,,,,,,,,,,,,,,,,,,"007242",,,,,,,,,,,,,,,,,,,,,
"62",62,,,,,,,,,,,,,,,,,,,,,,,,,,,,,,,,"007242",,,,,,,,,,,,,,,,,,,,
"63",63,,,,,,,,,,,,,,,,,,,,,,,,,,,,,,,"007419",,,,,,,,,,,,,,,,,,,,,
"64",64,,,,,,,,,,,,,,,,,,,,,,,,,,,,,,,,,,,,,,,"007672",,,,,,,,,,,,,
"65",65,,,,,,,,,,,,,,,,,,,,,,,,,,,,,,,,,,,,,,,,,,,,,,,,,"008151",,,
"66",66,,,,,,,,,,,,,,,,,,,,,,,,,,,,,,,,,,,,,,,,,,,,,,,,,,,,"008240"
"67",67,,,,,,,,,,,,,,,,,,,,,,,,,,,,,,,,,,,,,,,,"008625",,,,,,,,,,,,
"68",68,,,,,,,,,,,,,,,,,,,,,,,,,,,,,,,,,,,,,,,"008645",,,,,,,,,,,,,
"69",69,,,,,,,,,,,,,,,,,,,,,,,,,,,,,,,,,,,,,,,,,,,,,,,,,,,,"009161"
"70",70,,,,,,,,,,,,,,,,,,,,,,,,,,,,,,,,,,,,,,,,,,,,,,,,,,,,"009524"
"71",71,,,,,,,,,,,,,,,,,,,,,,,,,,,,,,,,,,,,,,,,,,,,,,,,,,,"009586",
"72",72,,,,,,,,,,,,,,,"010248",,,,,,,,,,,,,,,,,,,,,,,,,,,,,,,,,,,,,
"73",73,,,,,,,,,,,,,,,,,,,,,,,,,,,,,,,"010496",,,,,,,,,,,,,,,,,,,,,
"74",74,,,,,,,,,,,,,,,,,,,,,,,,,,,,,,,,,,,,,,,,,,,,,,,,,,,,"010499"
"75",75,,,,,,,,,,,,,,,,,,,,,,,,,,,,,,,,,,,,,,,,,,,,,,,,,,,,"010536"
"76",76,,,,,,,,,,,,,,,,,,,,,,,,,"011036",,,,,,,,,,,,,,,,,,,,,,,,,,,
"77",77,,,,,,,,,,,,,,,,,,,,,,,,,,,,,,,"011138",,,,,,,,,,,,,,,,,,,,,
"78",78,,,,,,,,,,,,,,,,,,,,,,,,,,,,,,,,,,,,,,,,,,,,,,,,,,,,"011834"
"79",79,,,,"013115",,,,,,,,,,,,,,,,,,,,,,,,,,,,,,,,,,,,,,,,,,,,,,,,
"80",80,,,,"013173",,,,,,,,,,,,,,,,,,,,,,,,,,,,,,,,,,,,,,,,,,,,,,,,
"81",81,,,,"013173",,,,,,,,,,,,,,,,,,,,,,,,,,,,,,,,,,,,,,,,,,,,,,,,
"82",82,,,,,,,,,,,,,,,,,,,,,,,,,,,,,,,,,,"013994",,,,,,,,,,,,,,,,,,
"83",83,,,,,,,,,,,,,,,,,,,,,,,,,,,,,,,,,,,,,,,,,,,,,,,,,"014253",,,
"84",84,,,,"014864",,,,,,,,,,,,,,,,,,,,,,,,,,,,,,,,,,,,,,,,,,,,,,,,
"85",85,,,,,,,,,,,,,,,,,,,,,,,,,,,,,,,,,,"015115",,,,,,,,,,,,,,,,,,
"86",86,,"015116",,,,,,,,,,,,,,,,,,,,,,,,,,,,,,,,,,,,,,,,,,,,,,,,,,
"87",87,,,"015430",,,,,,,,,,,,,,,,,,,,,,,,,,,,,,,,,,,,,,,,,,,,,,,,,
"88",88,,"015430",,,,,,,,,,,,,,,,,,,,,,,,,,,,,,,,,,,,,,,,,,,,,,,,,,
"89",89,,,,,,,,,,,,,,,,,,,,,,,,,,,,,,,,,,,,,,,,,,,,,,,,,,,,"016276"
"90",90,,,,,,,,,,,,,,,,,,,,,,,,,,,,,,,,,,,,,,,,,,,,,,,,,,,,"016404"
"91",91,,,,,,,,,,,,,,,,,,,,,,,,,,,,,,,,,,,,,,,,,,,,,,,,,"016613",,,
"92",92,,,,,,,,,,,,,,,,"017001",,,,,,,,,,,,,,,,,,,,,,,,,,,,,,,,,,,,
"93",93,,,,,,,,,,,,,,,"017032",,,,,,,,,,,,,,,,,,,,,,,,,,,,,,,,,,,,,
"94",94,,,,,,,,,,,,,,,,,,,,,,,"017848",,,,,,,,,,,,,,,,,,,,,,,,,,,,,
"95",95,,,,,,,,,,,,,,,,,,,,,,,,,,,,,,,,,,,,,,,,,,,,,,,,,"017888",,,
"96",96,"018164",,,,,,,,,,,,,,,,,,,,,,,,,,,,,,,,,,,,,,,,,,,,,,,,,,,
"97",97,,,,,,,,,,,,,,,,,,,,"018225",,,,,,,,,,,,,,,,,,,,,,,,,,,,,,,,
"98",98,,,,,,,,,,,,,,,,,,,,"018267",,,,,,,,,,,,,,,,,,,,,,,,,,,,,,,,
"99",99,,,,,,,,,,,,,,,"018431",,,,,,,,,,,,,,,,,,,,,,,,,,,,,,,,,,,,,
"100",100,,,,,,,,,,,,,,,"018801",,,,,,,,,,,,,,,,,,,,,,,,,,,,,,,,,,,,,
"101",101,,,,,,,,,,,,,,,,,,"019251",,,,,,,,,,,,,,,,,,,,,,,,,,,,,,,,,,
"102",102,,,,,,,,,,,,,,,,,,"019287",,,,,,,,,,,,,,,,,,,,,,,,,,,,,,,,,,
"103",103,,,,,,,,,,,,,,,,,,,,,,,,,,,,,,,,,,,,,,,,,,,,,,,,,"019605",,,
"104",104,,,,,,,,,,,,,,,,,,,,,,,,,,,,,,,,,,,,,,,,,,,,,,,"019805",,,,,
"105",105,,,,,,,,,,,,,,,,,,,,,,,,,,,,,,,,,,,,,,,,,,,,,,,,,,,,"019922"
"106",106,,,,,,,,,,,,,,,,,,,,,,,,,"020025",,,,,,,,,,,,,,,,,,,,,,,,,,,
"107",107,,,,,,,,,,,,,,,,,,,,,,,,,,,,,,,,,,,,,,,,,,,,,,,"020227",,,,,
"108",108,,,,,,,,,,,,,,,"020318",,,,,,,,,,,,,,,,,,,,,,,,,,,,,,,,,,,,,
"109",109,,,,,,,,,,,,,,,,,,,,,,,,,,,,,,,,,,,,,,"020603",,,,,,,,,,,,,,
"110",110,,,,,,,,,,,,,,,,,,,,,,,,,,,,,,,,,,,,,"021004",,,,,,,,,,,,,,,
"111",111,,,,,,,,,,,,,,,,,,,,,,,,,,,,,,,,,,,,"021004",,,,,,,,,,,,,,,,
"112",112,,,,,,,,,,,,,,,,,,,,,,,,,,,,,,,,,,"021004",,,,,,,,,,,,,,,,,,
"113",113,,,,,,,,,,,,,,,,,,,,,,,,,,,,,,,,,"021004",,,,,,,,,,,,,,,,,,,
"114",114,,,,,,,,,,,,,,"021004",,,,,,,,,,,,,,,,,,,,,,,,,,,,,,,,,,,,,,
"115",115,,,,,,,,,,,,,"021004",,,,,,,,,,,,,,,,,,,,,,,,,,,,,,,,,,,,,,,
"116",116,,,,,,,,,,,,"021004",,,,,,,,,,,,,,,,,,,,,,,,,,,,,,,,,,,,,,,,
"117",117,,,,,,,,,,,,,,,,,,,,,,,,,,,,,,,"021033",,,,,,,,,,,,,,,,,,,,,
"118",118,,,,,,,,,,,,,,,,,,,,,,,,,,,,,,,"021531",,,,,,,,,,,,,,,,,,,,,
"119",119,,,,,,,,,,,,,,,"021761",,,,,,,,,,,,,,,,,,,,,,,,,,,,,,,,,,,,,
"120",120,,,,,,,,,,,,,,,,,,,,,,,,,,,,,,,"022614",,,,,,,,,,,,,,,,,,,,,
"121",121,,,,,,,,,,,,,,,,,,,,,,,,,,,,,,,"023471",,,,,,,,,,,,,,,,,,,,,
"122",122,,,,,,,,,,,,,,,"023648",,,,,,,,,,,,,,,,,,,,,,,,,,,,,,,,,,,,,
"123",123,,,,,,,,,,,,,,,,,,,,,,,,,,,,,,,,,,"023755",,,,,,,,,,,,,,,,,,
"124",124,,,,,,,,,,,,,,,"024047",,,,,,,,,,,,,,,,,,,,,,,,,,,,,,,,,,,,,
"125",125,"025597",,,,,,,,,,,,,,,,,,,,,,,,,,,,,,,,,,,,,,,,,,,,,,,,,,,
"126",126,,,,,,,,,,,,,,,"025637",,,,,,,,,,,,,,,,,,,,,,,,,,,,,,,,,,,,,
"127",127,,,,,,,,,,,,,,,"025638",,,,,,,,,,,,,,,,,,,,,,,,,,,,,,,,,,,,,
"128",128,,,,,,,,"025647",,,,,,,,,,,,,,,,,,,,,,,,,,,,,,,,,,,,,,,,,,,,
"129",129,,,,,,,,,,,,,,,,,,,,,,,,,,"025649",,,,,,,,,,,,,,,,,,,,,,,,,,
"130",130,,,,,,,,,,,,,,,,,,,,,,,,,,,,,,,,,,,,,,,,,,,,,,,,,"025984",,,
"131",131,,,,,,,,,,,,,,,"026058",,,,,,,,,,,,,,,,,,,,,,,,,,,,,,,,,,,,,
"132",132,,,,,,,,,,,,,,,,,,,,,,,,,,,,,,,,,,,,,,,,,,,,,,,,,,,"026391",
"133",133,,,,,,,,,,,"026564",,,,,,,,,,,,,,,,,,,,,,,,,,,,,,,,,,,,,,,,,
"134",134,,,,,,,,,,,,,,,,,,,,,,,,,,,,,,,,,,"026564",,,,,,,,,,,,,,,,,,
"135",135,,,,,,,,,,,,,,,,,,,,,,,,,,,,,,,,,,,,,,,,,,,,,,,,,"026860",,,
"136",136,,,,,,,,,,,,,,,,,,,,,,,,,,,,,,,,,,,,,,,"026861",,,,,,,,,,,,,
"137",137,,,,,,,,,,,,,,,,,,,,,,,,,,,,,,,,,,,,,,,,"026861",,,,,,,,,,,,
"138",138,,,,,,,,,,,,,,,,,,,,,,,,,,,,,,,,,,,,,,,,,"026861",,,,,,,,,,,
"139",139,,,,,,,,,,,,,,,,,,,"026861",,,,,,,,,,,,,,,,,,,,,,,,,,,,,,,,,
"140",140,,,,,,,,,,,,,,,,,,,,,,,,,,,,,,,,,,,,,,,,,,"026861",,,,,,,,,,
"141",141,,,,,,,,,,,,,,,,,,,,,,,,,,,,,,,,,,,,,,,,,,,"026861",,,,,,,,,
"142",142,,,,,,,,,,,,,,,,,,,,,,,,,,,,,,,,,,,,,,,,,,,,"026861",,,,,,,,
"143",143,,,,,,,,,,,,,,,,,,,"026861",,,,,,,,,,,,,,,,,,,,,,,,,,,,,,,,,
"144",144,,,,,,,,,,,,,,,,,,,,"026861",,,,,,,,,,,,,,,,,,,,,,,,,,,,,,,,
"145",145,,,,,,,,,,,,,,,,,,,,,"026861",,,,,,,,,,,,,,,,,,,,,,,,,,,,,,,
"146",146,,,,,,,,,,,,,,,,,,,,,,"026861",,,,,,,,,,,,,,,,,,,,,,,,,,,,,,
"147",147,,,,,,,,,,,,,,,,,,,,,,,,,,,,,,,,,,,,,,,,,,,,,"026862",,,,,,,
"148",148,,,,,,,,,,,,,,,,,,,,,,,,,,,,,,,,,,,,,,,,,,,,"026862",,,,,,,,
"149",149,,,,,,,,,,,,,,,,,,,,,,,,,,,,,"026863",,,,,,,,,,,,,,,,,,,,,,,
"150",150,,,,,,,,,,,,,,,,,,,,,,,,,,,,"026864",,,,,,,,,,,,,,,,,,,,,,,,
"151",151,,,,,,,,,,,,,,,,,,,,,,,,,,,"026864",,,,,,,,,,,,,,,,,,,,,,,,,
"152",152,,,,,,,,,,,,,,,,,,,,,,,,,,,,,,,,,,,,,,,,,,,,,,,,"026864",,,,
"153",153,,,,,,,,,,,,,,,,,,,,,,,,,,,,,,,,,,,,,,,,,,,,,,,"026864",,,,,
"154",154,,,,,,,,,,,,,,,,,,,,,,,,,,,,,,,,,,,,,,,,,,,,,,,,,"027018",,,
"155",155,,,"027249",,,,,,,,,,,,,,,,,,,,,,,,,,,,,,,,,,,,,,,,,,,,,,,,,
"156",156,,,,,,,,,,,,,,,,,,"027277",,,,,,,,,,,,,,,,,,,,,,,,,,,,,,,,,,
"157",157,,,,,,,,,,,,,,,,,,,,,,,,,,,,,,,,,,,,,,,,,,,,,,,,,,"027397",,
"158",158,,,,,,,,,,,,,,,,,,,,,,,,,,,,,,,,,,,,,,,,,,,,,,,,,,,"027397",
"159",159,,,,,,,,,,,,,,,"027521",,,,,,,,,,,,,,,,,,,,,,,,,,,,,,,,,,,,,
"160",160,,,,,,,,,,,,,,,,,,,,,,,,,"027549",,,,,,,,,,,,,,,,,,,,,,,,,,,
"161",161,,,,,,,,,,,,,,,,,,,,,,,,,,"027549",,,,,,,,,,,,,,,,,,,,,,,,,,
"162",162,,,,,,,,,,,,,,,,,,,,,,,,,,,"027549",,,,,,,,,,,,,,,,,,,,,,,,,
"163",163,,,,,,,,,,,,,,,,,,,,,,,,,,,,"027549",,,,,,,,,,,,,,,,,,,,,,,,
"164",164,,,,,,,,,,,,,,,,,,,,,,,,,,,,,"027549",,,,,,,,,,,,,,,,,,,,,,,
"165",165,,,,,,,,,,,,,,,,,,,,,,,,,,,,,,,,,,,,,,,,,,,,,,,"027549",,,,,
"166",166,,,,,,,,,,,,,,,,,,,,,,,,,,,,,,,,,,,,,,,,,,,,,,,,"027549",,,,
"167",167,,,,,,,,,,,,,,,,"027848",,,,,,,,,,,,,,,,,,,,,,,,,,,,,,,,,,,,
"168",168,,,,,,,,,,,,,,,"027858",,,,,,,,,,,,,,,,,,,,,,,,,,,,,,,,,,,,,
"169",169,,,,,,,,,,,,,,,,,,,"028109",,,,,,,,,,,,,,,,,,,,,,,,,,,,,,,,,
"170",170,,,,,,,,,,,,,,,,,,,,,,,,,,,,,,,,,,,,,"028800",,,,,,,,,,,,,,,
"171",171,,,,"029657",,,,,,,,,,,,,,,,,,,,,,,,,,,,,,,,,,,,,,,,,,,,,,,,
"172",172,,,,,,,,,,,,,,,,,,,,,,,,,,,"029800",,,,,,,,,,,,,,,,,,,,,,,,,
"173",173,,,,,,,,,,,,,,,,,,,,,,,,,,,,,,,,,,,,,,,,,,,,,,,,,,,,"029837"
"174",174,,,,,,,,,,,,,"030593",,,,,,,,,,,,,,,,,,,,,,,,,,,,,,,,,,,,,,,
"175",175,,,,,,,,,,,,,,,,,,,,,,,,,,,,,,,,,,,,,,,,,,,,,,,,,"030903",,,
"176",176,,,,,,,,,,,,,,,,,,,,,,,,,,,,,,,,,,"031009",,,,,,,,,,,,,,,,,,
"177",177,,,,,,,,,,,"031010",,,,,,,,,,,,,,,,,,,,,,,,,,,,,,,,,,,,,,,,,
"178",178,,,,,,,,,,,"031033",,,,,,,,,,,,,,,,,,,,,,,,,,,,,,,,,,,,,,,,,
"179",179,,,,,,,,,,"031033",,,,,,,,,,,,,,,,,,,,,,,,,,,,,,,,,,,,,,,,,,
"180",180,,,,,,,,,,,,,,,,,,,,,,,,,,,,,,,,,,"031033",,,,,,,,,,,,,,,,,,
"181",181,,,,,,,,,,,,,,,,,,,,,,,,,,,,,,,,,"031033",,,,,,,,,,,,,,,,,,,
"182",182,,,,,,,,,,,,,,,,,,,,,,,,,,,,,,,,,,,"031033",,,,,,,,,,,,,,,,,
"183",183,,,,,,,,,,,,,,,,,,,,,,,,,,,,,,,,,,,,,,,,,,,,,,,,,,,,"031101"
"184",184,,,,,,,,,,"031114",,,,,,,,,,,,,,,,,,,,,,,,,,,,,,,,,,,,,,,,,,
"185",185,,,,,,,,,,,"031114",,,,,,,,,,,,,,,,,,,,,,,,,,,,,,,,,,,,,,,,,
"186",186,,,,,,,,,,,,,,,,,,,,,,,,,,,,,,,,,"031114",,,,,,,,,,,,,,,,,,,
"187",187,,,,,,,,,,,,,,,,,,,,,,,,,,,,,,,,,,"031114",,,,,,,,,,,,,,,,,,
"188",188,,,,,,,,,,,,,,,,,,,,,,,,,,,,,,,,,,"031214",,,,,,,,,,,,,,,,,,
"189",189,,,,,,,,,,,,,,,,,,,,,,,,,,,,,,,,,"031214",,,,,,,,,,,,,,,,,,,
"190",190,,,,,,,,,,,"031215",,,,,,,,,,,,,,,,,,,,,,,,,,,,,,,,,,,,,,,,,
"191",191,,,,,,,,,,"031215",,,,,,,,,,,,,,,,,,,,,,,,,,,,,,,,,,,,,,,,,,
"192",192,,,,,,,,,,,,,,,,,,,"031511",,,,,,,,,,,,,,,,,,,,,,,,,,,,,,,,,
"193",193,,,,,,,,,,,"031903",,,,,,,,,,,,,,,,,,,,,,,,,,,,,,,,,,,,,,,,,
"194",194,,,,,,,,,,,,,,,,,,,,,,,,,,,,,,,,,,"031903",,,,,,,,,,,,,,,,,,
"195",195,,,,,,,,,,,,,,,,,,,"031986",,,,,,,,,,,,,,,,,,,,,,,,,,,,,,,,,
"196",196,,,,,,,,,,,,,,,,,,,,,,,,,,,,,,,"032014",,,,,,,,,,,,,,,,,,,,,
"197",197,,,,,,,,,,,,,,,,,,,,,,,,,,,,,,,,,,,,,,,,,,,,"032063",,,,,,,,
"198",198,,,,,,,,,,,,,,,,,,,,,,,,,,,,,,,"032110",,,,,,,,,,,,,,,,,,,,,
"199",199,,,,,,,,,,,"032131",,,,,,,,,,,,,,,,,,,,,,,,,,,,,,,,,,,,,,,,,
"200",200,,,,,,,,,,,,,,,,,,,,,,,,,,,,,,,"032281",,,,,,,,,,,,,,,,,,,,,
"201",201,,,,,,,,,,,,,,,,,,,,,,,,,,,,,,,"032361",,,,,,,,,,,,,,,,,,,,,
"202",202,,,,,,,,,,,,,,,,,,,,,,,,,,,,,,,,,,,,"032607",,,,,,,,,,,,,,,,
"203",203,,,,,,,,,,,"032675",,,,,,,,,,,,,,,,,,,,,,,,,,,,,,,,,,,,,,,,,
"204",204,,,,,,,,,,,,,,,,,,,,,,,,,,,,,,,,,,"032675",,,,,,,,,,,,,,,,,,
"205",205,,,,,,,,,,,,,,,,,,,,,,,,,,,,,,,,,,,,,,,,,,,,,,,,,"032679",,,
"206",206,,,,,,,,,,,,,,,,,,,,,,,,"032723",,,,,,,,,,,,,,,,,,,,,,,,,,,,
"207",207,,,,,,,,,,,,,,,,,,,,,,,,,"032723",,,,,,,,,,,,,,,,,,,,,,,,,,,
"208",208,,,,,,,,,,,,,,,,,,,,,,,,,,"032723",,,,,,,,,,,,,,,,,,,,,,,,,,
"209",209,,,,,,,,,,,,,,,,,,,,,,,,,,,"032723",,,,,,,,,,,,,,,,,,,,,,,,,
"210",210,,,,,,,,,,,,,,,,,,,,,,,,,,,,"032723",,,,,,,,,,,,,,,,,,,,,,,,
"211",211,,,,,,,,,,,,,,,,,,,,,,,,,,,,,"032723",,,,,,,,,,,,,,,,,,,,,,,
"212",212,,,,,,,,,,,"033036",,,,,,,,,,,,,,,,,,,,,,,,,,,,,,,,,,,,,,,,,
"213",213,,,,,,,,,,,,,,,,,,,,,,,,,,,,,,,,,,,,,,,,,,,"033317",,,,,,,,,
"214",214,,,,,,,,,,,,,,,,,,"033390",,,,,,,,,,,,,,,,,,,,,,,,,,,,,,,,,,
"215",215,,,,,,,,,,,,,,,,,,,,,,,,,,,,,,,,,,,,,,,,"033391",,,,,,,,,,,,
"216",216,,,,,,,,,,,,,,,,,,,,,,,,,,,,,,,,,,,,,,,,,,,"033451",,,,,,,,,
"217",217,,,,,,,,,,,,,,,,,,"033565",,,,,,,,,,,,,,,,,,,,,,,,,,,,,,,,,,
"218",218,,,,,,,,,,,,,,,,,,,,,,,,,,,,,,,,,,,,,,,,,,,"033732",,,,,,,,,
"219",219,,,,,,,,,,,,,,,,,,,,,,,,,,,,,,,,,,,,,,"034079",,,,,,,,,,,,,,
"220",220,,,,,,,,,,,,,,,,,,,,,,,,,,,,,,,,,,,,,,,,,,,"034356",,,,,,,,,
"221",221,,,,,,,,,,,,,,,,,,,,,,,,,,,,,,,,,,,,,,"035346",,,,,,,,,,,,,,
"222",222,,,,,,,,,,,,,,,,,"035741",,,,,,,,,,,,,,,,,,,,,,,,,,,,,,,,,,,
"223",223,,,,,,,,,,,,,,,"035909",,,,,,,,,,,,,,,,,,,,,,,,,,,,,,,,,,,,,
"224",224,,,,,,,,,,,,,,,"036047",,,,,,,,,,,,,,,,,,,,,,,,,,,,,,,,,,,,,
"225",225,,,,,,,,,,,,,,,,,,,,,,,,,,,,,,,,,,,,,,"036195",,,,,,,,,,,,,,
"226",226,,,,,,,,,,,"036230",,,,,,,,,,,,,,,,,,,,,,,,,,,,,,,,,,,,,,,,,
"227",227,,,,,,,,,,,,,,,,,,,,,,,,,,,,,,,,,,,,,,,,,,,,,,,,,"036279",,,
"228",228,,,,,,,,,,,,,,,,,,,,,,,,,,,,,,,,,,,,,,"036375",,,,,,,,,,,,,,
"229",229,,,,,,,,,,,,,,,,,,,,"037380",,,,,,,,,,,,,,,,,,,,,,,,,,,,,,,,
"230",230,,,,,,,,,,,,,,,,,,,,"038002",,,,,,,,,,,,,,,,,,,,,,,,,,,,,,,,
"231",231,,,,,,,,,,,,,,,,,,,,,,,,"038016",,,,,,,,,,,,,,,,,,,,,,,,,,,,
"232",232,,,,,,,,,,,,,,,"038116",,,,,,,,,,,,,,,,,,,,,,,,,,,,,,,,,,,,,
"233",233,,,,,,,,,,,,,,"038347",,,,,,,,,,,,,,,,,,,,,,,,,,,,,,,,,,,,,,
"234",234,,,,,,,,,,,,,,,,,,,,,,,,,,,,,,,,,,,,,,,,,,,,,,,,,"039172",,,
"235",235,,,,,,,,,,,,,,,,,,,,,,,,,,,,,,,,,"039471",,,,,,,,,,,,,,,,,,,
"236",236,,,,,,,,,,,,,,,,,,,,,,,,,,,,,,,,,,"039471",,,,,,,,,,,,,,,,,,
"237",237,,,,,,,,,,,,,,,,,,,,,,,,,,,,,,,,,,,"039471",,,,,,,,,,,,,,,,,
"238",238,,,,,,,,,,,,,,,,,,,,,,,,,,,,,,,,,,,,"039471",,,,,,,,,,,,,,,,
"239",239,,,,,,,,,,,,,,,,,"039526",,,,,,,,,,,,,,,,,,,,,,,,,,,,,,,,,,,
"240",240,,,,,,,,,,,,,"039544",,,,,,,,,,,,,,,,,,,,,,,,,,,,,,,,,,,,,,,
"241",241,,,"039544",,,,,,,,,,,,,,,,,,,,,,,,,,,,,,,,,,,,,,,,,,,,,,,,,
"242",242,,,,,,,,,,,,,,,,,,,,,,,,,,,,,,,,,,,,"039544",,,,,,,,,,,,,,,,
"243",243,,,,,,,,,,,,,,,,,,,,,,,,,,"039544",,,,,,,,,,,,,,,,,,,,,,,,,,
"244",244,,,,,,,,,,,,,,,,,"039649",,,,,,,,,,,,,,,,,,,,,,,,,,,,,,,,,,,
"245",245,,,,,,,,,,,,,,,,,"039792",,,,,,,,,,,,,,,,,,,,,,,,,,,,,,,,,,,
"246",246,,,,,,,,,,,,,,,,,,"040359",,,,,,,,,,,,,,,,,,,,,,,,,,,,,,,,,,
"247",247,,,,,,,,,,,,,,,,"040456",,,,,,,,,,,,,,,,,,,,,,,,,,,,,,,,,,,,
"248",248,,,,,,,,,,,,,,,,,,,,,,,,,,,,,,,,,,,,,,,,,,,,,,,,,"040578",,,
"249",249,,,,,,,,,,,,,,,,,,,,,,,,,,,,,,,,,,,,,,"040587",,,,,,,,,,,,,,
"250",250,,,,,,,,,,,,,,,,,,,,,,,,,,,,,,,,,,,,,,"040602",,,,,,,,,,,,,,
"251",251,,,,,,,,,,,,,,,"040612",,,,,,,,,,,,,,,,,,,,,,,,,,,,,,,,,,,,,
"252",252,,,,,,,,,,,,,,,,,,,,,,,,,,,,,,,,,,,,,,"040737",,,,,,,,,,,,,,
"253",253,,,,,,,,,,,,,,,,,,,,,,,,,,,,,,,,,,,,,,,"040781",,,,,,,,,,,,,
"254",254,,,,,,,,,,,,,,,,,,,,,,,,,,,,,,,,,,,,,,,"040899",,,,,,,,,,,,,
"255",255,,,,,,,,,,,,,,,,,,,,,,,,,,,,,,,,,,,,,,,"041007",,,,,,,,,,,,,
"256",256,,,,,,,,,,,,,,,,,,,,,,,,,,,,,,,,,,,,,,,,,,,,,,,,,"041182",,,
"257",257,,,,,,,,,,,,,,,,,,,,,,,,,,,,,"041363",,,,,,,,,,,,,,,,,,,,,,,
"258",258,,,,,,,,,,,,,,,,,,,,,,,,,,,,"041363",,,,,,,,,,,,,,,,,,,,,,,,
"259",259,,,,,,,,,,,,,,,,,,,,,,,,,,,"041363",,,,,,,,,,,,,,,,,,,,,,,,,
"260",260,,,,,,,,,,,,,,,,,,,,,,,,,"041363",,,,,,,,,,,,,,,,,,,,,,,,,,,
"261",261,,,,,,,,,,,,,,,,,,,,,,,,,,,,,,,,,,,,,,,,,,,,,,,,"041364",,,,
"262",262,,,,,,,,,,,,,,,,,,,,,,,,,,,,,,,,,,,,,,,,,,,,,,,"041364",,,,,
"263",263,,,,,,,,,,,,,,,,,,,,,,,,,,,,,,,,,,,,,,,"041384",,,,,,,,,,,,,
"264",264,,,,,,,,,,,,,,,,,,,,,,,,"041400",,,,,,,,,,,,,,,,,,,,,,,,,,,,
"265",265,,,,,,,,,,,,,,,,,,"042019",,,,,,,,,,,,,,,,,,,,,,,,,,,,,,,,,,
"266",266,,,,,,,,"042248",,,,,,,,,,,,,,,,,,,,,,,,,,,,,,,,,,,,,,,,,,,,
"267",267,,"042298",,,,,,,,,,,,,,,,,,,,,,,,,,,,,,,,,,,,,,,,,,,,,,,,,,
"268",268,,,,,,,,"042306",,,,,,,,,,,,,,,,,,,,,,,,,,,,,,,,,,,,,,,,,,,,
"269",269,,,,,,,,,,,"042349",,,,,,,,,,,,,,,,,,,,,,,,,,,,,,,,,,,,,,,,,
"270",270,,,,,,,,,,,,,,,,,,,,,,,,,,,,,,,,,,"042349",,,,,,,,,,,,,,,,,,
"271",271,,,,,,,,,,,"042404",,,,,,,,,,,,,,,,,,,,,,,,,,,,,,,,,,,,,,,,,
"272",272,,,,,,,,,,,,,,,,,,,,,,,,,,,,,,,,,,"042404",,,,,,,,,,,,,,,,,,
"273",273,,,,,,,,,,,,,,,,,,,,,,,,,,,,,,,,,,,,,,,,,,,,,,"042422",,,,,,
"274",274,,,,,,,,,,,,,,,,,,,,,,,,,"042450",,,,,,,,,,,,,,,,,,,,,,,,,,,
"275",275,,,,,,,,,,,,,,,,,"042531",,,,,,,,,,,,,,,,,,,,,,,,,,,,,,,,,,,
"276",276,,,,,,,,,,,,,,,,,,,,,,,,,,,,,,,,,,"042565",,,,,,,,,,,,,,,,,,
"277",277,,,,,,,,,,,"042565",,,,,,,,,,,,,,,,,,,,,,,,,,,,,,,,,,,,,,,,,
"278",278,,,,,,,,,,,,,,,,,,,,,,,,,,,,,,,,,,,,"042627",,,,,,,,,,,,,,,,
"279",279,,,,,,,,,,,,,,,,,,,,,,,"042882",,,,,,,,,,,,,,,,,,,,,,,,,,,,,
"280",280,,,,,,,,,,,,,,,,,,,,,,,,,,,,,"043297",,,,,,,,,,,,,,,,,,,,,,,
"281",281,,,,,,,,,,,,,,,,,,,,,,,,,,,,"043297",,,,,,,,,,,,,,,,,,,,,,,,
"282",282,,,,,,,,,,,,,,,,,,,,,,,,,,,"043297",,,,,,,,,,,,,,,,,,,,,,,,,
"283",283,,,,,,,,,,,,,,,,,,,,,,,,,,"043297",,,,,,,,,,,,,,,,,,,,,,,,,,
"284",284,,,,,,,,,,,,,,,,,,,,,,,,,"043297",,,,,,,,,,,,,,,,,,,,,,,,,,,
"285",285,,,,,,,,,,,,,,,,,,,,,,,,,,,,,,,,,,,,,,,,,,,,,,,,"043298",,,,
"286",286,,,,,,,,,,,,,,,,,,,,,,,,,,,,,,,,,,,,,,,,,,,,,,,"043298",,,,,
"287",287,,,,,,,,,,,,,,,,,,,,,,,,,,,,,,,,,,,,,,,,,,,,,,,,,"043652",,,
"288",288,,,,,,,,,,,,,,,,,,,,,,,,,,,,,,,,,,,,,,,,,,,,,,,,,,,,"043664"
"289",289,,,,,,,,,,,,,,,,,"043666",,,,,,,,,,,,,,,,,,,,,,,,,,,,,,,,,,,
"290",290,,,,,,,,,,,,,,,,,,,,,,,,,,,,,,,,,,,,,,,,,,,,,,,,,,,,"043751"
"291",291,,,,,,,,,,,,,,,,,,,,,,,,,,,,,,,,,,,,,,,,"043925",,,,,,,,,,,,
"292",292,,,,,,,,,,,,,,,,,,,,,,,,,,,,,,,,,,,,"044165",,,,,,,,,,,,,,,,
"293",293,,,,,,,,,,,,,,,,,,,,,,,,,,,,,,,,,,,"044165",,,,,,,,,,,,,,,,,
"294",294,,,,,,,,,,,,,,,,,,,,,,,,,,,,,,,,,,"044165",,,,,,,,,,,,,,,,,,
"295",295,,,,,,,,,,,,,,,,,,,,,,,,,,,,,,,,,"044165",,,,,,,,,,,,,,,,,,,
"296",296,,,,,,,,,,,,,"044165",,,,,,,,,,,,,,,,,,,,,,,,,,,,,,,,,,,,,,,
"297",297,,,,,,,,,,,,"044165",,,,,,,,,,,,,,,,,,,,,,,,,,,,,,,,,,,,,,,,
"298",298,,,,,,,,,,,"044165",,,,,,,,,,,,,,,,,,,,,,,,,,,,,,,,,,,,,,,,,
"299",299,,,,,,,,,,"044165",,,,,,,,,,,,,,,,,,,,,,,,,,,,,,,,,,,,,,,,,,
"300",300,,,,,,,,,"044165",,,,,,,,,,,,,,,,,,,,,,,,,,,,,,,,,,,,,,,,,,,
"301",301,,,,,,,,,,,,,,,,,,,,,,,,,,,,,,,,,,,,,,,,,,,,,,,"044252",,,,,
"302",302,,,,,,"044358",,,,,,,,,,,,,,,,,,,,,,,,,,,,,,,,,,,,,,,,,,,,,,
"303",303,,,,"044377",,,,,,,,,,,,,,,,,,,,,,,,,,,,,,,,,,,,,,,,,,,,,,,,
"304",304,,,,,,,,,,,,,,,"044552",,,,,,,,,,,,,,,,,,,,,,,,,,,,,,,,,,,,,
"305",305,,,,,,,,,,,,,,,,,,,,,,,,,,,,,,,,,,,,,,,"044611",,,,,,,,,,,,,
"306",306,,,,,,,,,,,,,,,,,,,,,,,"044756",,,,,,,,,,,,,,,,,,,,,,,,,,,,,
"307",307,,,,,,,,,,,,,,,,,,,,,,,,,,,,,,,,,,"044771",,,,,,,,,,,,,,,,,,
"308",308,,,,,,,,,,,,,,,,,,,,,,,,,,,,,,,,,"044771",,,,,,,,,,,,,,,,,,,
"309",309,,,,,,,,,,,"044771",,,,,,,,,,,,,,,,,,,,,,,,,,,,,,,,,,,,,,,,,
"310",310,,,,,,,,,,,,,,,,,,,,,,,"044789",,,,,,,,,,,,,,,,,,,,,,,,,,,,,
"311",311,,,,,,,,,,"044815",,,,,,,,,,,,,,,,,,,,,,,,,,,,,,,,,,,,,,,,,,
"312",312,,,,,,,,,,,,,,,,,,,,,,,,,,,,,,,,,,,,,,,,,,,,,,,,,"045324",,,
"313",313,,,,,,,,,,,,,,,,,,,,,,,"045346",,,,,,,,,,,,,,,,,,,,,,,,,,,,,
"314",314,,,,,,,,,,,,,,,,,,,,,,,,,,,,,,,,,,,,,,,,,,,,,,,,,"045422",,,
"315",315,,,,,,,,,,,,,,,,,,,"045458",,,,,,,,,,,,,,,,,,,,,,,,,,,,,,,,,
"316",316,,,,,,,,,,,,,,,,,,,,,,,,,,,,,,,,,,,,,,"045503",,,,,,,,,,,,,,
"317",317,,,,,,,,,,,"046009",,,,,,,,,,,,,,,,,,,,,,,,,,,,,,,,,,,,,,,,,
"318",318,,,,,,,,,,,,,,,,,,,,,,,,,,,,,,,,,,"046010",,,,,,,,,,,,,,,,,,
"319",319,,,,,,,,,,,,,,,,,,,,,,,,,,,,,,,,,"046010",,,,,,,,,,,,,,,,,,,
"320",320,,,,,,,,,,,,,,,,,,,,,,,,,,,,,,,,,,,,,,"046035",,,,,,,,,,,,,,
"321",321,,,,,,,,,,,,,,,,,,,,,,,,,,,,,,,,,"046232",,,,,,,,,,,,,,,,,,,
"322",322,,,,,,,,,,,,"046232",,,,,,,,,,,,,,,,,,,,,,,,,,,,,,,,,,,,,,,,
"323",323,,,,,,,,,,,,,,,,,,,,,,,,,,,,,,,,,,"046232",,,,,,,,,,,,,,,,,,
"324",324,,,,,,,,,,"046232",,,,,,,,,,,,,,,,,,,,,,,,,,,,,,,,,,,,,,,,,,
"325",325,,,,,,,,,,,,,,,,,,,,,,,,,"046269",,,,,,,,,,,,,,,,,,,,,,,,,,,
"326",326,,,,,,,,,,,,,,,,,,,,,,,,,,"046269",,,,,,,,,,,,,,,,,,,,,,,,,,
"327",327,,,,,,,,,,,,,,,,,,,,,,,,,,,"046269",,,,,,,,,,,,,,,,,,,,,,,,,
"328",328,,,,,,,,,,,,,,,,,,,,,,,,,,,,,"046269",,,,,,,,,,,,,,,,,,,,,,,
"329",329,,,,,,,,,,,,,,,,,,,,,,,,,,,,,,"046269",,,,,,,,,,,,,,,,,,,,,,
"330",330,,,,,,,,,,,,,,,,,,,,,,,,,,,,,"046318",,,,,,,,,,,,,,,,,,,,,,,
"331",331,,,,,,,,,,,,,,,,,,,,,,,,,,,,"046318",,,,,,,,,,,,,,,,,,,,,,,,
"332",332,,,,,,,,,,,,,,,,,,,,,,,,,,,"046318",,,,,,,,,,,,,,,,,,,,,,,,,
"333",333,,,,,,,,,,,,,,,,,,,,,,,,,,,,,,,,,,,,,,,,,,,,,,,,"046318",,,,
"334",334,,,,,,,,,,,,,,,,,,,,,,,,,,,,,,,,,,,,,,,,,,,,,,,"046318",,,,,
"335",335,,,,,,,,,,,,,,,,,,,,,,,,,,"046318",,,,,,,,,,,,,,,,,,,,,,,,,,
"336",336,,,,,,,,,,,,,,,,,,,,,,,,,"046318",,,,,,,,,,,,,,,,,,,,,,,,,,,
"337",337,,"046796",,,,,,,,,,,,,,,,,,,,,,,,,,,,,,,,,,,,,,,,,,,,,,,,,,
"338",338,,,,,,,,,,,,,,,,,,,,,,,,,,,,,,,,,,,,,,"046885",,,,,,,,,,,,,,
"339",339,,,,,,,,,,,,,,,"046992",,,,,,,,,,,,,,,,,,,,,,,,,,,,,,,,,,,,,
"340",340,,,,,,,,,,,,,,,,,,,,,,,,,"047349",,,,,,,,,,,,,,,,,,,,,,,,,,,
"341",341,,,,,,,,,,,,,,,,,,,,,,,,,,,"047349",,,,,,,,,,,,,,,,,,,,,,,,,
"342",342,,,,,,,,,,,,,,,,,,,,,,,,,,,,"047349",,,,,,,,,,,,,,,,,,,,,,,,
"343",343,,,,,,,,,,,,,,,,,,,,,,,,,,,,,"047349",,,,,,,,,,,,,,,,,,,,,,,
"344",344,,,,,,,,,,,,,,,,,,,,,,,,,,,,,,,,,,,,,,,,,,,,,,,"047349",,,,,
"345",345,,,,,,,,,,,,,"047627",,,,,,,,,,,,,,,,,,,,,,,,,,,,,,,,,,,,,,,
"346",346,,,,,,,,,,,,,,,,,,,,,,,,,,"047871",,,,,,,,,,,,,,,,,,,,,,,,,,
"347",347,,,,,,,,,,,,,,,,,,,,,,,,,,,,,,,,,,,,,,,,,,,,,,,"048073",,,,,
"348",348,,,,,,,,,,,,,,"048114",,,,,,,,,,,,,,,,,,,,,,,,,,,,,,,,,,,,,,
"349",349,,,,,,,,,,,,,,,,,,,,,,,,,,,,,,,,,,,,,,"048198",,,,,,,,,,,,,,
"350",350,,,,,,,,,,,,,,,,,,,,,,,"048536",,,,,,,,,,,,,,,,,,,,,,,,,,,,,
"351",351,,,,,,,,,,,,,,,,,,,,,,,"048588",,,,,,,,,,,,,,,,,,,,,,,,,,,,,
"352",352,,,,,,,,,,,,,,,,,,,,,,,,,,,,,,,,,,"048750",,,,,,,,,,,,,,,,,,
"353",353,,,,,,,,,,,,,,,,,,,,,,,,,,,,,,,,,,,"049125",,,,,,,,,,,,,,,,,
"354",354,,,,,,,,,,,,,,,,,,,,,,,,,,,,,,,,,,"049125",,,,,,,,,,,,,,,,,,
"355",355,,,,,,,,,,,,,,,,,,,,,,,,,,,,,,,,,,,"049205",,,,,,,,,,,,,,,,,
"356",356,,,,,,,,,,,,,,,,,,,,,,,,,,,,,,,,,,,,"049461",,,,,,,,,,,,,,,,
"357",357,,,,,,,,,,,,,,,,,,,,,,,,,,,,,,,,,,,"049461",,,,,,,,,,,,,,,,,
"358",358,,,,,,,,,,,,,,,,,,,,,,,,,,,,,,,,,,"049461",,,,,,,,,,,,,,,,,,
"359",359,,,,,,,,,,,,,,,,,,,,,,,,,,,,,,,,,"049461",,,,,,,,,,,,,,,,,,,
"360",360,,,,,,,,,,,,,"049461",,,,,,,,,,,,,,,,,,,,,,,,,,,,,,,,,,,,,,,
"361",361,,,,,,,,,,,,"049461",,,,,,,,,,,,,,,,,,,,,,,,,,,,,,,,,,,,,,,,
"362",362,,,,,,,,,,,"049461",,,,,,,,,,,,,,,,,,,,,,,,,,,,,,,,,,,,,,,,,
"363",363,,,,,,,,,,"049461",,,,,,,,,,,,,,,,,,,,,,,,,,,,,,,,,,,,,,,,,,
"364",364,,,,,,,,,,,,,,,,,,,,,,,"049942",,,,,,,,,,,,,,,,,,,,,,,,,,,,,
"365",365,,,,,,,,,,,,,,"050209",,,,,,,,,,,,,,,,,,,,,,,,,,,,,,,,,,,,,,
"366",366,,,,,,,,,,,,,,"050387",,,,,,,,,,,,,,,,,,,,,,,,,,,,,,,,,,,,,,
"367",367,,,,,,,,,,,,,,"050768",,,,,,,,,,,,,,,,,,,,,,,,,,,,,,,,,,,,,,
"368",368,,,,,,,,,,,,,,,,,,,,,,,"051570",,,,,,,,,,,,,,,,,,,,,,,,,,,,,
"369",369,,,,,,,,,,,,,,,,,,,,,,,"051896",,,,,,,,,,,,,,,,,,,,,,,,,,,,,
"370",370,,,,,,,,,,,,,,,"052028",,,,,,,,,,,,,,,,,,,,,,,,,,,,,,,,,,,,,
"371",371,,"052098",,,,,,,,,,,,,,,,,,,,,,,,,,,,,,,,,,,,,,,,,,,,,,,,,,
"372",372,,,,,,,,,,,,,,,,"052416",,,,,,,,,,,,,,,,,,,,,,,,,,,,,,,,,,,,
"373",373,,,,,,,,,,,,,,,,,,,,,,,,,,,,,,,,"052552",,,,,,,,,,,,,,,,,,,,
"374",374,,,,,,,,,,,,,,,,,,,,,,,,,,,,,,,,,,"052552",,,,,,,,,,,,,,,,,,
"375",375,,,,,,,,,,,,,,,,,,,,,,,,,,,,,,,,,,,"052552",,,,,,,,,,,,,,,,,
"376",376,,,,,,,,,,,,,,,,,,,,,,,,,,,,,,,,,,,,"052552",,,,,,,,,,,,,,,,
"377",377,,,,,,,,,,,,,,,,,,,,"053082",,,,,,,,,,,,,,,,,,,,,,,,,,,,,,,,
"378",378,,,,,,,,,,,,,,,,,,,,,,,,,,,,,,,,,,"053167",,,,,,,,,,,,,,,,,,
"379",379,,,,,,,,,,,,,,,,,,,,,,,,,,,,,,,,,,"054053",,,,,,,,,,,,,,,,,,
"380",380,,,,,,,,,,,,,,,,,,,,,,,,,,,,,,,,,,,,,,,,"054242",,,,,,,,,,,,
"381",381,,,,,,,,,,,,,,,,,,,,"054609",,,,,,,,,,,,,,,,,,,,,,,,,,,,,,,,
"382",382,,,,,,,,,,,,,,,,,,,,"054645",,,,,,,,,,,,,,,,,,,,,,,,,,,,,,,,
"383",383,,"054649",,,,,,,,,,,,,,,,,,,,,,,,,,,,,,,,,,,,,,,,,,,,,,,,,,
"384",384,,,,,,,,,,,,,,,,,,,,"054692",,,,,,,,,,,,,,,,,,,,,,,,,,,,,,,,
"385",385,,,,,,,,,,,,,,,,,,,,,,,"054821",,,,,,,,,,,,,,,,,,,,,,,,,,,,,
"386",386,,,,,,,,,,,,,,,,,,,,,,,"054830",,,,,,,,,,,,,,,,,,,,,,,,,,,,,
"387",387,,,,,,,,,,,,,,,,,,,,,,,,,,,,,,,,,,"055136",,,,,,,,,,,,,,,,,,
"388",388,,,,,,,,,,,,,,,,,,"055150",,,,,,,,,,,,,,,,,,,,,,,,,,,,,,,,,,
"389",389,,,,,,,,,,,,,,,,,,,,"055389",,,,,,,,,,,,,,,,,,,,,,,,,,,,,,,,
"390",390,,"055423",,,,,,,,,,,,,,,,,,,,,,,,,,,,,,,,,,,,,,,,,,,,,,,,,,
"391",391,,,,,,,,,,,,,,,,,,"055539",,,,,,,,,,,,,,,,,,,,,,,,,,,,,,,,,,
"392",392,,,,,,,,,,,,,,,,,,,,,,,,,,,,,,,,,,"055545",,,,,,,,,,,,,,,,,,
"393",393,,,,,,,,,,,,,,,,,,"055779",,,,,,,,,,,,,,,,,,,,,,,,,,,,,,,,,,
"394",394,,,,,,,,,,,,,,,,,,,,"055818",,,,,,,,,,,,,,,,,,,,,,,,,,,,,,,,
"395",395,,,,,,,,,,,,,,,,,,,,"055880",,,,,,,,,,,,,,,,,,,,,,,,,,,,,,,,
"396",396,,,,,,,,,,,,,,,,,,,,,,,,,,,,,,,,,,,,,,"055961",,,,,,,,,,,,,,
"397",397,,,,,,,,,,,,,,,,,,,,,,,"056140",,,,,,,,,,,,,,,,,,,,,,,,,,,,,
"398",398,,,,,,,,,,,,,,,,,,,,"056273",,,,,,,,,,,,,,,,,,,,,,,,,,,,,,,,
"399",399,,,,,,,,,,,,,,,,,,"056310",,,,,,,,,,,,,,,,,,,,,,,,,,,,,,,,,,
"400",400,,,,,,,,,,,,,,,,,,"056352",,,,,,,,,,,,,,,,,,,,,,,,,,,,,,,,,,
"401",401,,,,,,,,,,,,,,,,,,,,,,,"056426",,,,,,,,,,,,,,,,,,,,,,,,,,,,,
"402",402,,,,,,,,,,,,,,"056604",,,,,,,,,,,,,,,,,,,,,,,,,,,,,,,,,,,,,,
"403",403,,,,,,,,,,,,,,,,,,"056646",,,,,,,,,,,,,,,,,,,,,,,,,,,,,,,,,,
"404",404,,,,,,,,,,,,,,,,,,"056725",,,,,,,,,,,,,,,,,,,,,,,,,,,,,,,,,,
"405",405,,"056746",,,,,,,,,,,,,,,,,,,,,,,,,,,,,,,,,,,,,,,,,,,,,,,,,,
"406",406,,,,,,,,,,,,,,,,,,"057690",,,,,,,,,,,,,,,,,,,,,,,,,,,,,,,,,,
"407",407,,,,,,,,,,,,,,,,,,,,,,,"058280",,,,,,,,,,,,,,,,,,,,,,,,,,,,,
"408",408,,,,,,,,,,,,,,,,,,,,,,,,,"058315",,,,,,,,,,,,,,,,,,,,,,,,,,,
"409",409,,,,,,,,,,,,,,,,,,,,,,,,,,,,,,,,,,,,,,,,,,,,,"058318",,,,,,,
"410",410,,,,,,,,,,,,,,,,,,,,,,,,,,,,,,,,,,,,,,,,,,,,"058508",,,,,,,,
"411",411,,,,,,,,,,,,,,,,,,,,,,,,,,,,,,,,,,,,,,,"058814",,,,,,,,,,,,,
"412",412,,,,,,,,,,,,,,,,,,,,"058815",,,,,,,,,,,,,,,,,,,,,,,,,,,,,,,,
"413",413,,,,,,,,,,,,,,,,,,,,,,,,,,,,,,,,,,,,,,,,,,,,"058843",,,,,,,,
"414",414,,,,,,,,,,,,,,,,,,,"058879",,,,,,,,,,,,,,,,,,,,,,,,,,,,,,,,,
"415",415,,,,,,,,,,,,,,,,,,,,,,,,,,,,,,,,,,,,,,,,,,,,,,,,,,,,"059013"
"416",416,,,,,,,,,,,,,,,,,,,,,,,,,,,,,,,,,,,,,,,,,,,,"059332",,,,,,,,
"417",417,,,,,,,,,,,,,,,,,,,,,,,,,,,,,,,,,,,,,,,,,,,,"059546",,,,,,,,
"418",418,,,,,,,,,,,,,,,,,,,,,,,,"059724",,,,,,,,,,,,,,,,,,,,,,,,,,,,
"419",419,,,,,,,,,,,,,,,,,,,,,,,,,,,,,,,,,,,,,,,,,,,,,,,,,"061448",,,
"420",420,,,,,,,,,,,,,,,,,,,,,,,,,,,,,,,,,,,,,,,,,,,,,,,,,,,,"061485"
"421",421,,,,,,,,,,,,,,"061492",,,,,,,,,,,,,,,,,,,,,,,,,,,,,,,,,,,,,,
"422",422,,,,,,,,,,,,,,,,,,,,,,,,,,,,"061742",,,,,,,,,,,,,,,,,,,,,,,,
"423",423,,,,,,,,,,,,,,,,,,,,,,,,,,,,"061767",,,,,,,,,,,,,,,,,,,,,,,,
"424",424,,,,,,,,,,,,,,,,,,,,,,,,,,,,,,,,,,"061768",,,,,,,,,,,,,,,,,,
"425",425,,,,,,,,,,,,,,,,,,,,,,,,,,,,,,,,,,,,,,,,,,,,,,,,,"062203",,,
"426",426,,,,,,,,,,,,,,,,,,,,,,,,,,,,,,,,,,,,,,,,,,,,,,,,,"062389",,,
"427",427,,,,,,,,,,,,,,,,,,,,,,,,,,,,,"062554",,,,,,,,,,,,,,,,,,,,,,,
"428",428,,,,,,,,,,,,,,,,,,,,,,,,,,,,,,,,,,,,,,,,,,,,,,,,,"062767",,,
"429",429,,,,,,,,,,,,,,,,,,,,,,,,,,,,,,,,,,,,,,,,,,,,,,,,,,,,"062838"
"430",430,,,,,,,,,,,,,,,,,,,,,,,,,,,,,,,,,,,,,,,,,,,,,,,,,,,,"062910"
"431",431,,,,,,,,,,,,,,,,,,,,,,,,"062962",,,,,,,,,,,,,,,,,,,,,,,,,,,,
"432",432,,,,,,,,,,,,,,,,,,,,,,,,,,,,,,,,,,,,,,,,,,,,,,,,,"063589",,,
"433",433,,,,,,,,,,,,,,,,,,,,,,,,,,,,,,,,,,,,,,"063725",,,,,,,,,,,,,,
"434",434,,,,,,,,,,,,,,,,,,,,,,,,,,,,,,,,,,,,,,"063988",,,,,,,,,,,,,,
"435",435,,,,,,"064106",,,,,,,,,,,,,,,,,,,,,,,,,,,,,,,,,,,,,,,,,,,,,,
"436",436,,,,,,,,,,,,,,,,,,,,,,,,,,,,,,,"064288",,,,,,,,,,,,,,,,,,,,,
"437",437,,,,,,,,,,,,,,,,,,,,,,,,,,,,,,,,,,,,,,"064354",,,,,,,,,,,,,,
"438",438,,,,,,,,,,,,,,,,,,,,,,,,,,,,,,,,,,,,,,"064388",,,,,,,,,,,,,,
"439",439,,,,,,,,,,,,,,,,,,,,,,,,,,,,,,,,,,,,,,"064531",,,,,,,,,,,,,,
"440",440,,,,,,,,,,,,,,,,,,,,,,,,,,,,,,,,,,,,,,"064535",,,,,,,,,,,,,,
"441",441,,,,,,,,,,,,,,,"064564",,,,,,,,,,,,,,,,,,,,,,,,,,,,,,,,,,,,,
"442",442,,,,,,,,,,,,,,,,,,,,,,,,,,,,,,,,,,,,,,,,"064592",,,,,,,,,,,,
"443",443,,,,,,,,,,,,,,,,,,,,,,,,,,,,,,,,,,,,,,,,,"064592",,,,,,,,,,,
"444",444,,,,,,,,,,,,,,,,,,,,,,,,,,,,,,,,,,,,,,,,,,"064592",,,,,,,,,,
"445",445,,,,,,,,,,,,,,,,,,,,,,,,,,,,,,,,,,,,,,,,,,,"064592",,,,,,,,,
"446",446,,,,,,,,,,,,,,,,,,,,,,,,,,,,,,,,,,,,,,,,,,,,"064592",,,,,,,,
"447",447,,,,,,,,,,,,,,,,,,"064592",,,,,,,,,,,,,,,,,,,,,,,,,,,,,,,,,,
"448",448,,,,,,,,,,,,,,,,,,,"064592",,,,,,,,,,,,,,,,,,,,,,,,,,,,,,,,,
"449",449,,,,,,,,,,,,,,,,,,,,"064592",,,,,,,,,,,,,,,,,,,,,,,,,,,,,,,,
"450",450,,,,,,,,,,,,,,,,,,,,,"064592",,,,,,,,,,,,,,,,,,,,,,,,,,,,,,,
"451",451,,,,,,,,,,,,,,,,,,,,,,"064592",,,,,,,,,,,,,,,,,,,,,,,,,,,,,,
"452",452,,,,,,,,,,,,,,,,,,,,,,,,"064675",,,,,,,,,,,,,,,,,,,,,,,,,,,,
"453",453,,,,,,,,,,,,,,,,,,,,,,,,,,,,,,,,,,,,,,"064706",,,,,,,,,,,,,,
"454",454,,,,,,,,,,,,,,,,,,,,,,,,"064708",,,,,,,,,,,,,,,,,,,,,,,,,,,,
"455",455,,,,,,,,,,,,,,,"064710",,,,,,,,,,,,,,,,,,,,,,,,,,,,,,,,,,,,,
"456",456,,,,,,,,,,,,,,,,,,,,,,,,,,,,,,,,,,,,,,"064874",,,,,,,,,,,,,,
"457",457,,,,,,,,,,,,,,,,,,,,,,,,"064907",,,,,,,,,,,,,,,,,,,,,,,,,,,,
"458",458,,,,,,,,,,,,,,,,,,,,,,,,"064965",,,,,,,,,,,,,,,,,,,,,,,,,,,,
"459",459,,,,,,,,,,,,,,,,,,,,,,,,,,,,,,,,,,,,,,"065132",,,,,,,,,,,,,,
"460",460,,,,,,,,,,,,,,,,,,,,,,,,"065518",,,,,,,,,,,,,,,,,,,,,,,,,,,,
"461",461,,,,,,,,,,,,,,,,,,,,,,,,"065566",,,,,,,,,,,,,,,,,,,,,,,,,,,,
"462",462,,,,,,,,,,,,,,,,,,,,,,,,"065651",,,,,,,,,,,,,,,,,,,,,,,,,,,,
"463",463,,,,,,,,,,,,,,,,,,,,,,,,"066113",,,,,,,,,,,,,,,,,,,,,,,,,,,,
"464",464,,,,,,,,,,,,,,,"066225",,,,,,,,,,,,,,,,,,,,,,,,,,,,,,,,,,,,,
"465",465,,,,,,,,,,,,,,,,,,,,,,,,,,,,,,,,,,"066290",,,,,,,,,,,,,,,,,,
"466",466,,,,,,,,,,,,,,,,,,,,,,,,,,,,,,,,,,,,,,,,,,,,"066446",,,,,,,,
"467",467,,,,,,,,,,,,,,,,,,,,,,,,"066565",,,,,,,,,,,,,,,,,,,,,,,,,,,,
"468",468,,,,,,,,,,,,,,,,,,,,,,,,"066735",,,,,,,,,,,,,,,,,,,,,,,,,,,,
"469",469,,,,,,,,,,,,,,,,,,,,,,,,,,,,,,,,,,,,,,,,,,,,,,,,,,,,"066958"
"470",470,,,,,,,,,,,,,,,,,,,,,,,,,,,,"068363",,,,,,,,,,,,,,,,,,,,,,,,
"471",471,,,,,,,,,,,,,,,,,,,,,,,,,,,,,,,,,,"068688",,,,,,,,,,,,,,,,,,
"472",472,,,,,,,,,,,,,,,,,"069322",,,,,,,,,,,,,,,,,,,,,,,,,,,,,,,,,,,
"473",473,,,,,,,,,,,,,,,,"069430",,,,,,,,,,,,,,,,,,,,,,,,,,,,,,,,,,,,
"474",474,,,,,,,,,,,,,,,,,,"070271",,,,,,,,,,,,,,,,,,,,,,,,,,,,,,,,,,
"475",475,,,,,,,,,,,,,,,,"070321",,,,,,,,,,,,,,,,,,,,,,,,,,,,,,,,,,,,
"476",476,,,,,,,,,,,,,,,,,,,,,,,,,,,,,,,,,,,,,,,,,,,,"070490",,,,,,,,
"477",477,,,,,,,,,,,,,,,,,,"070676",,,,,,,,,,,,,,,,,,,,,,,,,,,,,,,,,,
"478",478,,,,,,,,,,,,,,,,,,,,,,,,,,,,,,,,,,,,,,,,,,,,"070726",,,,,,,,
"479",479,,,,,,,,,,,,,,,,,,,,,,,,,,,,,,,,,,,,,,,,,,,,,,,,,"070743",,,
"480",480,,,,,,,,,,,,,,,,,,,,,,,,,,,,,,,,,,,,,,,,,,,,,,,,,,,,"071253"
"481",481,,,,,,,,,,,,,,,,,,"071260",,,,,,,,,,,,,,,,,,,,,,,,,,,,,,,,,,
"482",482,,,,,,,,,,,,,,,,"071708",,,,,,,,,,,,,,,,,,,,,,,,,,,,,,,,,,,,
"483",483,,,,,,,,,,,,,,,,,,,,,,,,,,,,,,,,,,,,,,,,,,,,"074511",,,,,,,,
"484",484,,,,,,,,,,,,,,,"074856",,,,,,,,,,,,,,,,,,,,,,,,,,,,,,,,,,,,,
"485",485,,"074859",,,,,,,,,,,,,,,,,,,,,,,,,,,,,,,,,,,,,,,,,,,,,,,,,,
"486",486,,,,"074986",,,,,,,,,,,,,,,,,,,,,,,,,,,,,,,,,,,,,,,,,,,,,,,,
"487",487,,,,,,,,"075344",,,,,,,,,,,,,,,,,,,,,,,,,,,,,,,,,,,,,,,,,,,,
"488",488,,,,,,,,,,,,,,,,,,,,,,,,"075377",,,,,,,,,,,,,,,,,,,,,,,,,,,,
"489",489,,,,,,,,,,,,,,,,,,,,"075533",,,,,,,,,,,,,,,,,,,,,,,,,,,,,,,,
"490",490,,,,,,,,,,,,,,,,,,,,,,,,,,,,,,,,,,"075718",,,,,,,,,,,,,,,,,,
"491",491,,,,,,,,,,,,,"075849",,,,,,,,,,,,,,,,,,,,,,,,,,,,,,,,,,,,,,,
"492",492,,,,,,,,,,,,,,,,,,,,,,,,,,,,,,,,,,,,,,,"076097",,,,,,,,,,,,,
"493",493,,,,,,,,,,,,,,,,,,,,,,,,,,,,,,,,,,,,,,,"076213",,,,,,,,,,,,,
"494",494,,,,,,,,,,,,,,,,,,,,,,,,"076566",,,,,,,,,,,,,,,,,,,,,,,,,,,,
"495",495,,,,,,,,,,,,,,,,,,,"076694",,,,,,,,,,,,,,,,,,,,,,,,,,,,,,,,,
