"","solicitacao","localizacao","descricao","tempo_abertura","tempo_falha","tempo_encerramento","cmt","tempo_duracao","cdv"
"1",21,"SINCDVPAZ","FO INTERMITENTE CDV 1S09T - PAZ1 REST CIENTE/EVERSON",2013-06-15 12:36:00,2013-06-15 12:36:00,2013-06-17 15:04:00,"RECS",181680s (~2.1 days),"1S09T"
"2",32,"SINCDVFAL","FALSA OCUPACAO CONSTANTE NOS CDV'S 2N09T,2N08T,2N07T NA VIA 2 (APOIS MANOBRA DO 13.8) CIENTE: MARCELO/REST ",2013-06-15 01:55:00,2013-06-15 01:55:00,2013-06-24 07:48:00,"NEV",798780s (~1.32 weeks),"2N09T-2N08T-2N07T"
"3",33,"SINCDVIMB","FALSA OCUPACAO CONSTANTE NOS CDV'S 1N12T,1N11T,1N10T,1N09T,1N08T,1N07T NA VIA 1 (APOIS MANOBRA DO 13.8) CIENTE:MARCELO/REST ",2013-06-15 01:59:00,2013-06-15 01:59:00,2013-06-29 12:15:00,"NEV",1246560s (~2.06 weeks),"1N12T-1N11T-1N10T-1N09T-1N08T-1N07T"
"4",113,"SINCDVIMB","FO CDVS 2N14T, 2N13T, 2N12T, 2N11T, 1N10T, 2N10T, 1N14T, 1N13T, 1N12T E 1N11T",2013-06-18 23:09:00,2013-06-18 20:40:00,2013-06-25 11:44:00,"NEV",563700s (~6.52 days),"2N14T-2N13T-2N12T-2N11T-1N10T-2N10T-1N14T-1N13T-1N12T-1N11T"
"5",114,"SINCDVFAL","FO CDVS 2N09T, 2N08T, 2N07T, 2N06T, 1N09T, 1N08T, 1N07T E 1N06T ",2013-06-18 23:15:00,2013-06-18 20:40:00,2013-06-25 12:00:00,"NEV",564300s (~6.53 days),"2N09T-2N08T-2N07T-2N06T-1N09T-1N08T-1N07T-1N06T"
"6",118,"SINCDVIMB","FO CONS CDVS 1M12, 1N11, 1N10, 1N09, 1N08, 1N07, 2N09, 2N08 E 2N07",2013-06-18 23:46:00,2013-06-18 23:53:00,2013-06-25 21:33:00,"NEV",596820s (~6.91 days),"2N07T"
"7",355,"SINCDVPAZ","F.O NO CDV 1S09T LUIS MELO CIENTE",2013-06-30 22:46:00,2013-06-30 22:20:00,2013-07-01 14:44:00,"RECS",57480s (~15.97 hours),"1S09T"
"8",413,"SINCDVRECSUL","ELO005FALSA OCUPACAO CDV 1S02T VIA 1 XAVIER CIENTE",2013-07-03 09:41:00,2013-07-03 06:30:00,2013-07-03 12:47:00,"RECS",11160s (~3.1 hours),"1S02T"
"9",710,"SINCDVRECSUL","BIPOINT B CDV 2S03T - ACESO CONSTANTE IMPEDINDO ABERTURA DO SINALEIRO 2S REST CIENTE - LUIZ MELO",2013-07-16 12:48:00,2013-07-16 12:36:00,2013-07-18 08:20:00,"RECS",156720s (~1.81 days),"2S03T"
"10",711,"SINCDVRECSUL","CODIGO ZERO CDV 2S04T LINHA 2 RECIFE SUL REST CIENTE - OSVALDO",2013-07-16 13:59:00,2013-07-16 13:55:00,2013-07-16 20:54:00,"RECS",24900s (~6.92 hours),"2S04T"
"11",959,"SINCDVREC","FALSA OCUPACAO CONSTANTE NOS CDV'S 22,3S01T REST.CIENTE:MACILIO",2013-07-27 12:22:00,2013-07-27 11:51:00,2013-07-27 14:04:00,NA,6120s (~1.7 hours),"3S01T"
"12",1203,"SINCDVRECSUL","FALSA OCUPACAO CONST NO CDV 3S01T ANGELO(CORRETIVA SUL)",2013-08-06 15:05:00,2013-08-06 14:50:00,2013-08-08 16:04:00,"RECS",176340s (~2.04 days),"3S01T"
"13",1230,"SINCDVREC","BIPOINT CDV 3S03T COM SINALIZACAO CONSTANTE - ROTA 2A2B NAO CONFIGURA ANGELO CIENTE",2013-08-07 13:41:00,2013-08-07 13:27:00,2013-08-08 14:32:00,NA,89460s (~1.04 days),"3S03T"
"14",1249,"SINCDVLAR","FO CDV 2S08T . N. LAR2 ARIADNA CIENTE",2013-08-08 13:24:00,2013-08-08 11:40:00,2013-08-08 14:14:00,"CAJ",3000s (~50 minutes),"2S08T"
"15",1476,"SINCDVPAZ","F.O INTERMITENTE NO CDV 2S08T XAVIER CIENTE ",2013-08-19 10:31:00,2013-08-19 10:31:00,2013-08-19 15:18:00,"RECS",17220s (~4.78 hours),"2S08T"
"16",3003,"SINCDVSHO","CODIGO 0 NO CDV 1N04T (INTERMITENTE). ANGELO CIENTE",2013-09-26 19:32:00,2013-09-26 19:32:00,2013-09-26 21:37:00,"NEV",7500s (~2.08 hours),"1N04T"
"17",3059,"SINCDVJOASUL","F.O. INTERMITENTE NO CDV 2S03T A NORTE DA VIA 2 CIENTE AGLIBERTO / REST ",2013-09-28 19:08:00,2013-09-28 19:08:00,2014-01-20 20:57:00,"RECS",9856140s (~16.3 weeks),"2S03T"
"18",3515,"SINCDVJOA","JOAS FALSA OCUPACAO NO CDV 2S03T 2º CDV A NORTE VIA 2 CIENTE DALVA ",2013-10-09 20:35:00,2013-10-09 20:35:00,2013-10-09 22:17:00,NA,6120s (~1.7 hours),"2S03T"
"19",3850,"SINCDVSHO","CODIGO ZERO CDV 1N04T SUL DE SHO. ARIADNER DA SUL CIENTE",2013-10-17 11:07:00,2013-10-17 10:17:00,2013-10-18 12:05:00,"NEV",89880s (~1.04 days),"1N04T"
"20",3949,"SINCDVREC","FALSA OCUPACAO NOS CDV'S 22,40, 3S01T FLASH DO TUE 21 VLADIMIR DO REST.CIENTE",2013-10-19 08:40:00,2013-10-19 06:49:00,2013-10-19 11:49:00,NA,11340s (~3.15 hours),"3S01T"
"21",3954,"SINCDVPAZ"," FALSA OCUPACAO NO CDV 2S08T VIA 1 NORT.2 VLADIMIR DO REST.CIENTE",2013-10-19 08:50:00,2013-10-19 08:50:00,2014-01-16 16:06:00,"RECS",7715760s (~12.76 weeks),"2S08T"
"22",4381,"SINCDVREC","F. O. NOS CDV'S 18,40,22,1S01T (FLASH DO TUE 18 GOMES CIENTE",2013-10-29 19:33:00,2013-10-29 14:30:00,2013-10-29 21:28:00,NA,6900s (~1.92 hours),"1S01T"
"23",4681,"SINCDVRECSUL","FALSA OCUPACAO NO CDV3S01T FALHA RECEBIDA PELO CIM AS 8H45, POREM PASSADA AS 7HS PARA O REST. PELO SUPERVISOR WILSON.",2013-11-05 09:38:00,2013-11-05 07:00:00,2013-11-05 13:41:00,"RECS",14580s (~4.05 hours),"3S01T"
"24",5251,"SINCDVLAR","BIPOINT 2N08TB ACESO INDEVIDAMENTE XAVIER CIENTE",2013-11-18 07:56:00,2013-11-18 06:40:00,2013-11-19 21:52:00,"CAJ",136560s (~1.58 days),"2N08T"
"25",5252,"SINCDVPRZ","BIPOINT 2N06TA ACESO INDEVIDAMENTE XAVIER CIENTE",2013-11-18 07:58:00,2013-11-18 06:40:00,2013-11-20 20:44:00,"CAJ",218760s (~2.53 days),"2N06T"
"26",5442,"SINCDVPTO","FALSA OCUPACAO NO CDV 1N13T PRIMEIRO A SUL 1 ARIADNER DA SULCIENTE",2013-11-21 10:53:00,2013-11-21 09:00:00,2013-11-21 13:15:00,"NEV",8520s (~2.37 hours),"1N13T"
"27",5610,"SINCDVPAZ","FALSA OCUPACAO INTERMITENTE A NO CDV 2S08T A NORTE DDE PAZ 2 XAVIER DA SULCIENTE",2013-11-25 10:48:00,2013-11-25 10:00:00,2014-01-16 16:16:00,"RECS",4512480s (~7.46 weeks),"2S08T"
"28",5724,"SINCDVRECSUL","F.O INTERMITENTE NO CDV 2S03T XAVIER CIENTE",2013-11-27 11:28:00,2013-11-27 11:09:00,2014-01-16 16:19:00,"RECS",4337460s (~7.17 weeks),"2S03T"
"29",5791,"SINCDVCAJ","CODIGO 0 NO CDV 1N01T PLAT. CAJ VIA-1 ANGELO CIENTE",2013-11-28 18:09:00,2013-11-28 18:09:00,2013-11-28 21:15:00,"CAJ",11160s (~3.1 hours),"1N01T"
"30",5874,"SINCDVPAZ","F. O. NO CDV 2S08T 1º CDV A NORTE PAZ-2 GOMES CIENTE",2013-11-30 14:19:00,2013-11-30 14:16:00,2013-12-04 18:51:00,"RECS",361920s (~4.19 days),"2S08T"
"31",6508,"SINCDVFAL","ENTRE FAL E NEV FALSA OCUP CDVS 1N05T E 1N06T. XAVIER CIENTE",2013-12-12 12:44:00,2013-12-12 09:35:00,2013-12-13 14:55:00,"NEV",94260s (~1.09 days),"1N05T-1N06T"
"32",6601,"SINCDVIPI","F.O NO CDV 3S01-T ( FLASH DO TUE 01 ) ROGERIO CIENTE",2013-12-14 10:21:00,2013-12-14 09:50:00,2013-12-14 13:58:00,NA,13020s (~3.62 hours),"3S01T"
"33",7242,"SINCDVFAL","FO CDVS 1N07T, 1N08T, 1N09T, 1N010T, 1N011T, 1N012T, 2N07T, 2N08T E 2N09T - TRECHO FL / IMB LAZARO CIENTE",2013-12-29 13:51:00,2013-12-29 13:43:00,2013-12-29 15:52:00,"NEV",7260s (~2.02 hours),"1N07T-1N08T-1N09T-2N07T-2N08T-2N09T"
"34",7419,"SINCDVLAR","BI POINT ""B"" DO CDV 2N08T ACESO CONSTANTE IMPEDINDO ABERTURA DO SINALEIRO 9-B VIA-1 CIENTE VIA PROTHEUS ",2014-01-02 19:50:00,2014-01-02 19:50:00,2014-01-07 09:07:00,"CAJ",393420s (~4.55 days),"2N08T"
"35",7672,"SINCDVJOA","FO INT CDV 2S03T - 2º O. JOAS2 DALVA CIENTE",2014-01-07 15:09:00,2014-01-07 15:00:00,2014-01-07 20:14:00,NA,18300s (~5.08 hours),"2S03T"
"36",8151,"SINCDVREC","FALSA OCUPACAO(CDV:22,40,,3S01T)CONST TRAVESSAO 3 SEM CORRESPONDENCIA LUIS ALBERTO(REST)CIENTE ",2014-01-15 16:30:00,2014-01-15 16:20:00,2014-01-15 20:07:00,NA,13020s (~3.62 hours),"3S01T"
"37",8240,"SINCDVJOASUL","BI POINT 3S04 TRAV.-23 ACENDENDO INTERMITENTE PROVOCANDO FECHAMENTO SINALEIRO 2A. NORTE VIA-1 CLIVANDIR CIENTE ",2014-01-17 11:44:00,2014-01-17 11:40:00,2014-01-17 22:17:00,"RECS",37980s (~10.55 hours),"3S04T"
"38",8625,"SINCDVJOASUL","FALSA OCUPACAO INTERMITENTE NO CDV 2S04T A NORTE VIA 2 PROVOCANDO O FECHAMENTO DO SINALEIO 2C CIENTE VIA PROTEUS ",2014-01-27 04:49:00,2014-01-27 04:49:00,2014-01-29 07:56:00,"RECS",184020s (~2.13 days),"2S04T"
"39",8645,"SINCDVJOASUL","F. O. NO CDV 2S03T CIENTE VIA PROTHEUS",2014-01-27 12:07:00,2014-01-27 12:07:00,2014-01-29 08:08:00,"RECS",158460s (~1.83 days),"2S03T"
"40",9161,"SINCDVRECSUL","F.O NO CDV 3S04T XAVIER CIENTE",2014-02-07 10:46:00,2014-02-07 10:00:00,2014-02-10 13:59:00,"RECS",270780s (~3.13 days),"3S04T"
"41",9524,"SINCDVJOA","F.O. CONSTANTE NO CDV 3S04T SOBRE TRAV. 23 REST. CIENTE VIA RADIO",2014-02-15 16:59:00,2014-02-15 16:59:00,2014-02-17 05:40:00,NA,132060s (~1.53 days),"3S04T"
"42",9586,"SINCDVRECSUL","FALSA OCUPACAO NO CDV 3S03T XAVIER(CIENTE) ",2014-02-17 15:08:00,2014-02-17 15:00:00,2015-04-23 14:26:00,"RECS",37149480s (~1.18 years),"3S03T"
"43",10248,"SINCDVNEV","F. O. NO CDV 1S01T SUL LUIZ MELO CIENTE ",2014-03-05 18:59:00,2014-03-05 18:59:00,2014-03-05 20:29:00,"NEV",5400s (~1.5 hours),"1S01T"
"44",10496,"SINCDVGUA","ACESO INDEVIDAMENTE 2N08T XAVIER CIENTE",2014-03-10 14:59:00,2014-03-10 14:55:00,2014-03-10 18:54:00,"CAJ",14100s (~3.92 hours),"2N08T"
"45",10499,"SINCDVRECSUL","FALSA OCUPACAO NO CDV 3S04T HELIO(REST)CIENTE",2014-03-10 16:47:00,2014-03-10 16:45:00,2014-03-13 13:22:00,"RECS",246900s (~2.86 days),"3S04T"
"46",10536,"SINCDVREC","FALSA OCUPACAO NO 3S04T JURANDIR DA SUL CIENTE",2014-03-11 10:04:00,2014-03-11 08:50:00,2014-03-11 22:02:00,NA,43080s (~11.97 hours),"3S04T"
"47",11036,"SINCDVNEV","F.O INTERMITENTE NO CDV 2N02T, A NORTE DE NEV 2 JOAO CARLOS CIENTE",2014-03-19 22:58:00,2014-03-19 22:25:00,2014-03-20 19:22:00,"NEV",73440s (~20.4 hours),"2N02T"
"48",11138,"SINCDVGUA","BI POINT 2N08T (B) ACESO INDEVIDAMENTE CLIVANDYR CIENTE",2014-03-21 13:01:00,2014-03-21 12:55:00,2014-03-21 19:27:00,"CAJ",23160s (~6.43 hours),"2N08T"
"49",11834,"SINCDVJOA","FO CDVS 101,103,105,107 E 109 VIA 1, CDVS 102,104,106,108 E 110 VIA 2 E CDV 3S04T NA ZT MARLON CIENTE",2014-04-04 04:23:00,2014-04-04 04:15:00,2014-12-30 09:10:00,NA,23345220s (~38.6 weeks),"3S04T"
"50",13115,"SINCDVSHO","F. O. NO CDV 1N04T VIA-1 CLIVANDY CIENTE",2014-04-29 19:21:00,2014-04-29 19:21:00,2014-04-29 21:23:00,"NEV",7320s (~2.03 hours),"1N04T"
"51",13173,"SINCDVSHO","FALSA OCUPACAO NO CDV 1N04T CONST CLIVANDIR FALSA OCUPACAO CONST NO CDV 1N04T CLIVANDIR(CORRETIVA)CIENTE ",2014-04-30 14:18:00,2014-04-30 14:10:00,2014-05-05 07:08:00,"NEV",406200s (~4.7 days),"1N04T-1N04T"
"52",13994,"SINCDVLAR","FALSA OCUPACAO CONSTANTE NO CDV 2N11T A NORTE VIA 2 OBS APOIS TRABALHO DA NA 02 CIENTE GOMES/REST",2014-05-15 03:09:00,2014-05-15 03:05:00,2016-08-03 08:51:00,"CAJ",70090920s (~2.22 years),"2N11T"
"53",14253,"SINCDVREC","FALSA OCUPACAO NO CDV 22 VIA 1 40 VIA 2 3S01T ZONA DE TRANSFERENCIA. TRAV. 3 SEM CORRESPONDENCIA. MARCELO DO REST.CIENTE",2014-05-20 08:48:00,2014-05-20 08:32:00,2014-05-20 13:26:00,NA,16680s (~4.63 hours),"3S01T"
"54",14864,"SINCDVSHO","CODIGO 0 NO CDV 1N04T",2014-05-30 13:41:00,2014-05-30 13:36:00,2014-06-03 12:36:00,"NEV",341700s (~3.95 days),"1N04T"
"55",15115,"SINCDVLAR","FALSA OCUPACAO CDV 2N11",2014-06-04 16:07:00,2014-06-04 15:30:00,2014-06-04 21:17:00,"CAJ",18600s (~5.17 hours),"2N11T"
"56",15116,"SINCDVNEV","FALSA OCUPACAO NO CDV 1N02",2014-06-04 16:13:00,2014-06-04 15:30:00,2014-06-04 21:11:00,"NEV",17880s (~4.97 hours),"1N02T"
"57",15430,"SINCDVNEV","CODIGO 0 NO CDV'S 1N03T/1N02T",2014-06-10 17:18:00,2014-06-10 17:18:00,2014-06-10 21:20:00,"NEV",14520s (~4.03 hours),"1N03T-1N02T"
"58",16276,"SINCDVJOA","BI POINT 3S04 TRAVA TRAVESSAO 23 EM REVERSO",2014-06-30 17:23:00,2014-06-30 17:13:00,2014-07-01 13:25:00,NA,72120s (~20.03 hours),"3S04T"
"59",16404,"SINCDVREC","ATUACAO INDEVIDA DO BIPOINT 3S04",2014-07-03 17:11:00,2014-07-03 17:00:00,2014-07-18 21:13:00,NA,1310520s (~2.17 weeks),"3S04T"
"60",16613,"SINCDVREC","FALSA OCUPACAO NOS CDV'S 3S01T, 22 E 40. OBSERVACAO: TRAVESSAO 21 TRAVADO EM REVERSO. FALHA DECORRENTE DO FLASH DO TUE 11.",2014-07-08 10:14:00,2014-07-08 09:48:00,2014-07-08 13:19:00,NA,11100s (~3.08 hours),"3S01T"
"61",17001,"SINCDVREC","FO INTERMITENTE CDV 1S02T - 2º S. RECS 1",2014-07-16 15:04:00,2014-07-16 14:52:00,2014-12-11 14:52:00,NA,12786480s (~21.14 weeks),"1S02T"
"62",17032,"SINCDVCAJ","CODIGO ZERO NO CDV 1S01T SOBRE O TRAVESSAO 08",2014-07-17 08:21:00,2014-07-17 08:11:00,2014-07-17 21:21:00,"CAJ",46800s (~13 hours),"1S01T"
"63",17848,"SINCDVPAZ","DALSA OCUPACAO CONSTANTE NO CDV 1S09T NA PLAT VIA 1",2014-08-04 22:55:00,2014-08-04 22:48:00,2014-08-05 13:54:00,"RECS",53940s (~14.98 hours),"1S09T"
"64",17888,"SINCDVREC","FALSA OCUPACAO NOS CDV'S: 32, 34, 12, 14, 16, 40, 22, 48, 50, 52, 56, 58 E 3S01T ZONA DE TRANSFERENCIA.",2014-08-05 15:49:00,2014-08-05 15:45:00,2014-08-05 21:02:00,NA,18780s (~5.22 hours),"3S01T"
"65",18164,"SINCDVCAJ","COD 0 NO CDV 1N01T NA SAIDA DE CAJ 1 ",2014-08-11 18:47:00,2014-08-11 18:40:00,2014-08-12 13:07:00,"CAJ",66000s (~18.33 hours),"1N01T"
"66",18225,"SINCDVJOASUL","FALSA OCUPACAO CONSTANTE NO CDV 1S06T ASUL DA VIA 1 ",2014-08-13 05:23:00,2014-08-13 05:10:00,2014-12-10 10:02:00,"RECS",10298340s (~17.03 weeks),"1S06T"
"67",18267,"SINCDVJOA","FALSA OCUPACAO NO CDV 1S06T 1º A OESTE DE JOA 1 LINHA SUL, PROVOCANDO EMERGENCIA NOS TRENS.",2014-08-13 17:48:00,2014-08-13 17:33:00,2014-08-14 09:24:00,NA,56160s (~15.6 hours),"1S06T"
"68",18431,"SINCDVREC","BIPOINTE ATIVANDO FECHAMENTO DE SINALEIRO CDV 1S01 TRAVESSAO 2",2014-08-18 09:51:00,2014-08-18 08:25:00,2014-08-18 17:23:00,NA,27120s (~7.53 hours),"1S01T"
"69",18801,"SINCDVRECSUL","BIPOINT 1-S 01T ACESO' ",2014-08-25 09:17:00,2014-08-25 09:00:00,2014-08-25 16:28:00,"RECS",25860s (~7.18 hours),"1S01T"
"70",19251,"SINCDVJOASUL","COD 0 NO CDV 1S04T 1º CDV A NORTE VIA 1 ",2014-09-05 13:46:00,2014-09-05 13:40:00,2014-09-08 07:14:00,"RECS",235680s (~2.73 days),"1S04T"
"71",19287,"SINCDVJOASUL","CDV 1S04T A LESTE BI-POINTE ACINANDO INDEVIDAMENTE OBS; TRAV 10",2014-09-06 10:24:00,2014-09-06 09:16:00,2015-02-27 10:02:00,"RECS",15032280s (~24.85 weeks),"1S04T"
"72",19605,"SINCDVRECSUL","FALSA OCUPACAO NA ZONA DE TRANSFERENCIA DA LINHA SUL NO 3S01T",2014-09-12 17:52:00,2014-09-12 17:34:00,2014-09-13 11:02:00,"RECS",61800s (~17.17 hours),"3S01T"
"73",19805,"SINCDVSHO","SINALEIRO 06A NAO ABRE OBS: CIRCUITO 3N 02T COM BIPOINT ACESO COM OCUPACAO DE UM TREM",2014-09-17 15:31:00,2014-09-17 15:05:00,2014-09-17 22:34:00,"NEV",25380s (~7.05 hours),"3N02T"
"74",19922,"SINCDVREC","FALSA OCUPACAO NO CDV 3S04T NA ZONA DE TRANSFERENCIA",2014-09-19 15:33:00,2014-09-19 15:30:00,2014-09-22 10:22:00,NA,240540s (~2.78 days),"3S04T"
"75",20025,"SINCDVCAJ","CODIGO 0 CONST NO CDV 2N02T",2014-09-22 16:03:00,2014-09-22 15:55:00,2014-09-23 12:28:00,"CAJ",73500s (~20.42 hours),"2N02T"
"76",20227,"SINCDVSHO","BI-POINT 3N02T FECHANDO SINALEIRO NA VIA 1",2014-09-26 14:52:00,2014-09-26 15:10:00,2014-10-01 10:38:00,"NEV",416760s (~4.82 days),"3N02T"
"77",20318,"SINCDVNEV","FALSA OCUOPACAO NO CDV 1S01T",2014-09-29 14:28:00,2014-09-29 14:05:00,2014-10-01 10:44:00,"NEV",159360s (~1.84 days),"1S01T"
"78",20603,"SINCDVNEV","F.O NO CDV 2S01-T AO SUL DE NEV",2014-10-08 11:19:00,2014-10-08 11:13:00,2014-10-08 13:57:00,"NEV",9480s (~2.63 hours),"2S01T"
"79",21004,"SINCDVIMB","FALSA OCUPACAO NOS CDV´S 2N14T, 2N13T, 2N11T, 2N10T E 1N14T, 1N13T, 1N12T. SUSPEITA DE ROUBO DE CABOS",2014-10-19 04:07:00,2014-10-19 04:00:00,2014-10-19 05:18:00,"NEV",4260s (~1.18 hours),"2N14T-2N13T-2N11T-2N10T-1N14T-1N13T-1N12T"
"80",21033,"SINCDVGUA","BIPOINTE 2N08T SINALIZANDO INDEVIDAMENTE",2014-10-20 06:39:00,2014-10-20 06:35:00,2014-10-20 13:55:00,"CAJ",26160s (~7.27 hours),"2N08T"
"81",21531,"SINCDVGUA","BI POINT ""B"" DO 2N08T SINALIZANDO INDEVIDAMENTE",2014-11-01 09:37:00,2014-11-01 09:26:00,2014-11-01 13:26:00,"CAJ",13740s (~3.82 hours),"2N08T"
"82",21761,"SINCDVNEV","FALSA OCUPACAO NO CDV 1S01T NA VIA 1 ",2014-11-07 10:27:00,2014-11-07 10:08:00,2014-11-07 13:42:00,"NEV",11700s (~3.25 hours),"1S01T"
"83",22614,"SINCDVGUA","BIPOINTE 2N08TB ATIVANDO INDEVIDAMENTE E INTERMITENTIMENTE",2014-11-25 11:36:00,2014-11-25 11:36:00,2014-11-25 15:48:00,"CAJ",15120s (~4.2 hours),"2N08T"
"84",23471,"SINCDVLAR","BI POINT 2N08TB SINALIZANDO INDEVIDAMENTE",2014-12-15 06:43:00,2014-12-15 06:40:00,2014-12-15 11:14:00,"CAJ",16260s (~4.52 hours),"2N08T"
"85",23648,"SINCDVNEV","CODIGO ( 0 ) CDV 1S01T O 1º A SUL DE NEVES 1 (INTERMITENTE)",2014-12-18 17:27:00,2014-12-18 17:29:00,2014-12-19 15:51:00,"NEV",80640s (~22.4 hours),"1S01T"
"86",23755,"SINCDVLAR","FALSA OCUPACAO CONSTANTE CDV 2N11T VIA 2",2014-12-22 07:32:00,2014-12-22 07:06:00,2014-12-22 10:00:00,"CAJ",8880s (~2.47 hours),"2N11T"
"87",24047,"SINCDVRECSUL","F.O NO CDV 1S-01T",2014-12-29 08:14:00,2014-12-29 06:40:00,2014-12-29 10:16:00,"RECS",7320s (~2.03 hours),"1S01T"
"88",25597,"SINCDVREC","FALSA OCUPACAO INTERMITENTE NO CDV 1N01T COM APROXIMACAO DO TUE EM REC SUL",2015-02-05 09:24:00,2015-02-05 07:51:00,2015-02-05 14:32:00,NA,18480s (~5.13 hours),"1N01T"
"89",25637,"SINCDVRECSUL","CODIGO ZERO NA SAIDA DE RECSUL VIA 1 NO CDV 1S01T",2015-02-06 11:09:00,2015-02-06 10:40:00,2015-02-10 15:09:00,"RECS",360000s (~4.17 days),"1S01T"
"90",25638,"SINCDVCAJ","CODIGO ZERO NA SAIDA DE CAJ1 NO CDV 1S01T",2015-02-06 11:11:00,2015-02-06 10:40:00,2015-02-10 15:13:00,"CAJ",360120s (~4.17 days),"1S01T"
"91",25647,"SINCDVGUA","FALSA OCUPACAO CONSTANTE NO CDV 1N08T",2015-02-06 12:51:00,2015-02-06 11:34:00,2015-02-10 15:19:00,"CAJ",354480s (~4.1 days),"1N08T"
"92",25649,"SINCDVCAJ","BI-POINT DO CDV 2N03T VIA 2 ATUANDO INDEVIDAMENTE FECHANDO O SIN 10C",2015-02-06 12:54:00,2015-02-06 11:40:00,2015-02-10 14:03:00,"CAJ",349740s (~4.05 days),"2N03T"
"93",25984,"SINCDVRECSUL","F.O INTERMITENTE NO CDV 3S01T ( SOBRE A MAQUINA DE CH 21-B )",2015-02-13 08:37:00,2015-02-13 06:56:00,2015-02-27 09:48:00,"RECS",1213860s (~2.01 weeks),"3S01T"
"94",26058,"SINCDVREC","F.O NOS CDV`S 21,22,4C,E 1S01T ( FLASH NO TUE 194 )",2015-02-15 04:14:00,2015-02-14 23:40:00,2015-02-15 09:14:00,NA,18000s (~5 hours),"1S01T"
"95",26391,"SINCDVJOASUL","BIPOENTE NOS VDV´S 3S03T ATUANDO INDEVIDAMENTE",2015-02-24 07:33:00,2015-02-24 07:23:00,2015-02-24 14:40:00,"RECS",25620s (~7.12 hours),"3S03T"
"96",26564,"SINCDVIMB","FALSA OCUPACAO INTERMITENTE NOS CDV´S 1N11T E 2N11T",2015-02-27 11:12:00,2015-02-27 11:12:00,2015-03-09 10:02:00,"NEV",859800s (~1.42 weeks),"1N11T-2N11T"
"97",26860,"SINCDVRECSUL","F.O CDV`S 3S01-T",2015-03-06 04:00:00,2015-03-06 03:50:00,2015-03-06 21:21:00,"RECS",62460s (~17.35 hours),"3S01T"
"98",26861,"SINCDVJOASUL","F.O CDV`S 2S03T,2S04T,2S05T,1S05T,2S06T,2S07T,2S08T,1S05T,1S06T,1S07T E 1S08T' ",2015-03-06 04:03:00,2015-03-06 03:00:00,2015-03-06 21:35:00,"RECS",63120s (~17.53 hours),"2S03T-2S04T-2S05T-1S05T-2S06T-2S07T-2S08T-1S05T-1S06T-1S07T-1S08T"
"99",26862,"SINCDVPAZ","F.O CDV`S 2S09T E 2S08T",2015-03-06 04:06:00,2015-03-06 03:00:00,2015-03-06 21:16:00,"RECS",61800s (~17.17 hours),"2S09T-2S08T"
"100",26863,"SINCDVFAL","F.O CDV 2N06T",2015-03-06 04:08:00,2015-03-06 03:00:00,2015-03-06 21:11:00,"NEV",61380s (~17.05 hours),"2N06T"
"101",26864,"SINCDVSHO","F.O CDV`S 2N05T,2N04T,SN03T,SN02T,3N03T E 3N02T",2015-03-06 04:09:00,2015-03-06 03:00:00,2015-03-06 21:06:00,"NEV",61020s (~16.95 hours),"2N05T-2N04T-3N03T-3N02T"
"102",27018,"SINCDVREC","F.O NOS CDV`S 22,40,14 ,16 E 3S01T",2015-03-09 07:39:00,2015-03-09 07:00:00,2015-03-09 13:29:00,NA,21000s (~5.83 hours),"3S01T"
"103",27249,"SINCDVSHO","FALSA OCUPACAO NOS CDV'S: 2N06, 2N05, 2N04,2N03, 2N02, 3N03, 3N02, 3N01, 1N06, 1N05, 1N04, 1N03,",2015-03-13 03:26:00,2015-03-13 03:22:00,2015-03-13 05:55:00,"NEV",8940s (~2.48 hours),"1N03T"
"104",27277,"SINCDVCAJ","FALSA OCUPACAO INTERMITENTE NO CDV 1S04T FECHANDO O SINALEIRO 11A PROVOCANDO GVS",2015-03-13 11:47:00,2015-03-13 11:10:00,2015-03-13 17:55:00,"CAJ",22080s (~6.13 hours),"1S04T"
"105",27397,"SINCMTMUXRECS","CMT INOPERANTE ZT: 3S02T E 3S03T",2015-03-16 13:23:00,2015-03-16 13:23:00,2015-03-16 15:45:00,"RECS",8520s (~2.37 hours),"3S02T-3S03T"
"106",27521,"SINCDVRECSUL","FALSA OCUPACAO INTERMITENTE NO CDV 1S01T OBS: GVS NO BIPOINT 1S01TTJ ",2015-03-18 12:17:00,2015-03-18 12:15:00,2015-03-19 07:04:00,"RECS",67620s (~18.78 hours),"1S01T"
"107",27549,"SINCDVNEV","FALHA DE GVS,PROVOCANDO FALSAS OCUPACOES: 2N02T,2N03T, 2N04T,2N05T,2N06T, 3N02T, 3N03T.",2015-03-19 03:54:00,2015-03-19 03:54:00,2015-03-19 05:13:00,"NEV",4740s (~1.32 hours),"2N02T-2N03T-2N04T-2N05T-2N06T-3N02T-3N03T"
"108",27848,"SINCDVREC","CODIGO ZERRO NO CDV 1S02T",2015-03-24 12:45:00,2015-03-24 12:47:00,2015-03-25 15:56:00,NA,97860s (~1.13 days),"1S02T"
"109",27858,"SINCDVNEV","FALSA OCUPACAO CONSTANTE NO CDV 1S01T. FECHANDO SINALEIRO 07A.",2015-03-24 17:52:00,2015-03-24 16:54:00,2015-03-24 21:57:00,"NEV",14700s (~4.08 hours),"1S01T"
"110",28109,"SINCDVCAJ","CDV 1S05T COM FALSA OCUPACAO CONSTANTE NO PROLONGAMENTO DA VIA 01 DE CAJ",2015-03-30 07:11:00,2015-03-30 07:11:00,2015-03-31 07:59:00,"CAJ",89280s (~1.03 days),"1S05T"
"111",28800,"SINCDVPAZ","FALSA OCUPACAO NO CDV 2N14T A SUL DE PAZ 01",2015-04-14 06:44:00,2015-04-14 06:12:00,2015-04-14 15:25:00,"RECS",31260s (~8.68 hours),"2N14T"
"112",29657,"SINCDVSHO","CODIGO ( 0 ) NO CDV 1N04TJ",2015-05-05 11:03:00,2015-05-05 10:16:00,2015-05-05 13:53:00,"NEV",10200s (~2.83 hours),"1N04T"
"113",29800,"SINCDVSHO","FALSA OCUPACOES NOS CDV´S 2N6T, 2N5T, 2N04T, 2N3T, 2N2T, 3N2T, 3N3T. APOS MANOBRA NA 13.8",2015-05-08 01:51:00,2015-05-08 02:50:00,2015-05-08 06:20:00,"NEV",16140s (~4.48 hours),"2N04T"
"114",29837,"SINCDVREC","FALSA OCUPACAO CONSTANTE NO CDV 3S04T.",2015-05-08 17:43:00,2015-05-08 17:08:00,2015-05-09 18:37:00,NA,89640s (~1.04 days),"3S04T"
"115",30593,"SINCDVPTO","FALSA OCUPACAO NO CDV 1N13-T",2015-05-25 02:30:00,2015-05-25 02:30:00,2015-05-25 13:15:00,"NEV",38700s (~10.75 hours),"1N13T"
"116",30903,"SINCDVREC","NA AUSENCIA DE ENERGIA DA CELPE, CAUSA FALSA OCUPACAO NO CDV 3S01T DA ZONA DE MANOBRA (PROXIMO AO TRAVESSAO 21). ",2015-05-31 04:58:00,2015-05-31 04:08:00,2015-05-31 14:07:00,NA,32940s (~9.15 hours),"3S01T"
"117",31009,"SINCDVIMB","CODIGO PISCANTE NOS CDV'S 2N11T 2N10T",2015-06-02 06:49:00,2015-06-02 06:00:00,2015-06-02 12:06:00,"NEV",19020s (~5.28 hours),"2N11T"
"118",31010,"SINCDVIMB","CODIGO PISCANTE NO CDV 1N11T",2015-06-02 06:51:00,2015-06-02 06:00:00,2015-06-02 12:10:00,"NEV",19140s (~5.32 hours),"1N11T"
"119",31033,"SINCDVIMB","FALSAS OCUPACOES CONSTANTES NOS CDV´S 1N11T, 1N10T NA VIA 1 E 2N11T, 2N10T E 2N12T NA VIA 2.",2015-06-02 12:41:00,2015-06-02 12:41:00,2015-06-08 21:34:00,"NEV",550380s (~6.37 days),"1N11T-1N10T-2N11T-2N10T-2N12T"
"120",31101,"SINCDVPRE","FALSA OCUPACAO CONSTANTE NO CDV 3S04T (NA ZONA DE TRANSF. PEGANDO O AMV 08)",2015-06-03 23:42:00,2015-06-03 23:46:00,2015-06-09 21:03:00,NA,508860s (~5.89 days),"3S04T"
"121",31114,"SINCDVIMB","FALSA OCUPACAO NOS CDV'S 1N10T, 1N11T, 2N10T,2N11T",2015-06-04 12:07:00,2015-06-04 11:55:00,2015-06-08 21:36:00,"NEV",379740s (~4.4 days),"1N10T-1N11T-2N10T-2N11T"
"122",31214,"SINCDVIMB","FALSA OCUPACAO PISCANDO NOS CDV'S: 2N11T E 2N10T",2015-06-06 16:36:00,2015-06-06 16:16:00,2015-06-07 11:38:00,"NEV",68520s (~19.03 hours),"2N11T-2N10T"
"123",31215,"SINCDVIMB","FALSA OCUPACAO PISCANDO NOS CDV'S: 1N11T E 1N10T",2015-06-06 16:38:00,2015-06-06 16:16:00,2015-06-07 11:43:00,"NEV",68700s (~19.08 hours),"1N11T-1N10T"
"124",31511,"SINCDVCAJ","FALSA OCUPACAO INTERMITENTE NO CDV 1S05T",2015-06-12 12:03:00,2015-06-12 11:50:00,2015-06-12 19:43:00,"CAJ",27600s (~7.67 hours),"1S05T"
"125",31903,"SINCDVIMB","FALSA OCUPACAO NOS CDV´S 1N11T VIA 1 2N11T VIA 2 COM FECHAMENTO DO SINALEIRO 04A VIA 1 04C VIA 2,SO ACONTECE COM CICLO ATIVADO",2015-06-20 08:46:00,2015-06-20 06:27:00,2015-06-22 14:43:00,"NEV",194220s (~2.25 days),"1N11T-2N11T"
"126",31986,"SINCDVCAJ","FALSA OCUPACAO CONSTANTE NO CDV 1S05T.",2015-06-22 07:35:00,2015-06-22 07:35:00,2016-05-06 13:44:00,"CAJ",27583740s (~45.61 weeks),"1S05T"
"127",32014,"SINCDVFAL","FALSA OCUPACAO CONSTANTE NO CDV; 2N08T 2º A NORTE DE FAL VIA 2.",2015-06-22 13:21:00,2015-06-22 12:30:00,2015-06-22 20:57:00,"NEV",27360s (~7.6 hours),"2N08T"
"128",32063,"SINCDVFAL","FALSA OCUPACAO CONSTANTE NO CDV 2S08T",2015-06-23 08:23:00,2015-06-23 06:07:00,2015-07-31 10:28:00,"NEV",3290700s (~5.44 weeks),"2S08T"
"129",32110,"SINCDVFAL","FALSA OCUPACAO INTERMITENTE NO CDV 2N08T, 2º CDV A NORTE DE FAL 2.",2015-06-23 23:04:00,2015-06-23 22:49:00,2015-06-24 12:32:00,"NEV",48480s (~13.47 hours),"2N08T"
"130",32131,"SINCDVLAR","FALSA OCUPACAO CONSTANTE NO CDV 1N11T. 1º CDV A NORTE DE PORTA LARGA 1.",2015-06-25 01:12:00,2015-06-25 01:06:00,2015-06-25 05:34:00,"CAJ",15720s (~4.37 hours),"1N11T"
"131",32281,"SINCDVFAL","CDV 2N08T 2º A NORTE DE FAL COM FALSA OCUPACAO CONSTANTE. OBS: FALHA ABERTA AS 05:13 E SO FOI LANCADA AS 07:41 NO PROTHEUS POIS O MESMO ESTAVA FORA .",2015-06-27 07:41:00,2015-06-27 07:41:00,2015-06-27 13:13:00,"NEV",19920s (~5.53 hours),"2N08T"
"132",32361,"SINCDVFAL","FALSA OCUPACAO CONSTANTE NO CDV 2N08T ",2015-06-29 07:07:00,2015-06-29 07:02:00,2015-06-29 09:03:00,"NEV",6960s (~1.93 hours),"2N08T"
"133",32607,"SINCDVIMB","FALSA OCUPACAO CONSTANTE CDV 2N13T - FECHANDO SINALEIRO 3C",2015-07-02 08:42:00,2015-07-02 08:33:00,2015-07-03 08:44:00,"NEV",86520s (~1 days),"2N13T"
"134",32675,"SINCDVIMB","FALSA OCUPACAO NOS CDV'S 1N11T E 2N11T INTERMITENCIA CONSTANTE COM CICLO TAN ATIVADO",2015-07-03 12:57:00,2015-07-03 12:38:00,2015-07-06 07:16:00,"NEV",238740s (~2.76 days),"1N11T-2N11T"
"135",32679,"SINCDVRECSUL","BIPOINT 3S01TCK ACENDE E TRAVA A MAQUINA DE CHAVE 06 EM REVERSO EO TRAVESSAO 04 EM REVERSO",2015-07-03 14:54:00,2015-07-03 14:38:00,2015-07-03 19:15:00,"RECS",15660s (~4.35 hours),"3S01T"
"136",32723,"SINCDVNEV","FALSA OCUPACAO CONSTANTE NOS CDV´S 2N01T, 2N02T, 2N03T, 2N04T, 2N05T E 2N06T LINHA 02",2015-07-04 09:46:00,2015-07-04 09:15:00,2015-07-06 07:41:00,"NEV",165300s (~1.91 days),"2N01T-2N02T-2N03T-2N04T-2N05T-2N06T"
"137",33036,"SINCDVLAR","FALSA OCUPACAO CONSTANTE NO CDV 1N11T A NORTE DA VIA 1",2015-07-10 05:25:00,2015-07-10 05:20:00,2016-08-03 08:53:00,"CAJ",33708480s (~1.07 years),"1N11T"
"138",33317,"SINCDVJOASUL","FALSA OCUPACAO INTERMITENTE NO CDV 2S07T",2015-07-16 15:43:00,2015-07-16 15:43:00,2015-07-30 14:30:00,"RECS",1205220s (~1.99 weeks),"2S07T"
"139",33390,"SINCDVJOASUL","FALSA OCUPACAO NO CDV 1S04T. OBS: TRAVESAO EM REVERSO SEM COMANDO PARA NORMAL",2015-07-18 00:23:00,2015-07-18 00:22:00,2015-07-20 20:32:00,"RECS",245340s (~2.84 days),"1S04T"
"140",33391,"SINCDVJOASUL","FALSA OCUPACAO CONSTANTE NO CDV 2S04T. OBS: TRAVESAO EM REVERSO SEM COMANDO PARA NORMAL",2015-07-18 02:24:00,2015-07-18 00:22:00,2015-07-18 02:49:00,"RECS",1500s (~25 minutes),"2S04T"
"141",33451,"SINCDVRECSUL","FALSA OCUPACAO NO CDV 2S07T ",2015-07-20 08:46:00,2015-07-20 07:57:00,2015-07-20 10:35:00,"RECS",6540s (~1.82 hours),"2S07T"
"142",33565,"SINCDVRECSUL","CDV 1S04T COM FALSA OCUPACAO INTERMITENTE",2015-07-22 07:57:00,2015-07-22 07:40:00,2016-08-03 08:54:00,"RECS",32662620s (~1.04 years),"1S04T"
"143",33732,"SINCDVPAZ","FALSA OCUPACAO INTERMITENTE NO CDV 2S07",2015-07-25 11:45:00,2015-07-25 11:48:00,2015-07-27 14:04:00,"RECS",181140s (~2.1 days),"2S07T"
"144",34079,"SINCDVNEV","CDV 2S01T FALSA OCUPACAO FECHANDO SINALEIRO 7C ( 1º A SUL DE NEV NA VIA 02)",2015-07-31 10:41:00,2015-07-31 10:55:00,2016-08-03 08:56:00,"NEV",31875300s (~1.01 years),"2S01T"
"145",34356,"SINCDVPAZ","FALSA OCUPACAO INTERMITENTE NO CDV 2S07T",2015-08-06 13:41:00,2015-08-06 13:40:00,2015-08-06 17:12:00,"RECS",12660s (~3.52 hours),"2S07T"
"146",35346,"SINCDVCAJ","CODIGO 0 NO CDV 2S01 T",2015-08-26 18:42:00,2015-08-26 18:05:00,2015-08-27 11:09:00,"CAJ",59220s (~16.45 hours),"2S01T"
"147",35741,"SINCDVRECSUL","CODIGO ZERO NO CDV 1S03T",2015-09-03 19:51:00,2015-09-03 19:48:00,2015-09-04 09:11:00,"RECS",48000s (~13.33 hours),"1S03T"
"148",35909,"SINCDVNEV","FALSA OCUPACAO INTERMITENTE NO CDV 1S01T.",2015-09-08 19:27:00,2015-09-08 19:22:00,2015-09-09 14:14:00,"NEV",67620s (~18.78 hours),"1S01T"
"149",36047,"SINCDVNEV","CDV 1S01T COM FALSA OCUPACAO INTERMITENTE.",2015-09-11 18:02:00,2015-09-11 17:40:00,2016-08-03 09:00:00,"NEV",28220280s (~46.66 weeks),"1S01T"
"150",36195,"SINCDVCAJ","CODIGO O NO CDV 2S01T, O 1º A SUL DE CAJ 02",2015-09-15 11:40:00,2015-09-15 11:25:00,2015-09-17 10:08:00,"CAJ",167280s (~1.94 days),"2S01T"
"151",36230,"SINCDVLAR","FALSA OCUPACAO NO CDV 1N11T. IMPEDINDO A ABERTURA DOS SINALEIROS 8A E 8C.",2015-09-16 12:52:00,2015-09-16 12:42:00,2015-09-16 18:46:00,"CAJ",21240s (~5.9 hours),"1N11T"
"152",36279,"SINCDVREC","FALSA OCUPACAO NO CDV 3S01T CONSTANTE",2015-09-17 09:59:00,2015-09-17 09:36:00,2015-09-17 14:08:00,NA,14940s (~4.15 hours),"3S01T"
"153",36375,"SINCDVNEV","FALSA OCUPACAO NO CDV 2S01T ( FECHA O SINALEIRO 97-C )",2015-09-19 05:23:00,2015-09-19 03:18:00,2015-09-21 12:43:00,"NEV",199200s (~2.31 days),"2S01T"
"154",37380,"SINCDVCAJ","FALSA OCUPACAO CONSTANTE CDV 1S06",2015-10-12 17:51:00,2015-10-12 17:46:00,2015-10-13 17:21:00,"CAJ",84600s (~23.5 hours),"1S06T"
"155",38002,"SINCDVCAJ","FALSA OCUPACAO NO CDV 1S06T",2015-10-26 13:19:00,2015-10-26 13:16:00,2015-10-26 17:27:00,"CAJ",14880s (~4.13 hours),"1S06T"
"156",38016,"SINCDVCAJ","CODIGO ""0"" NO CDV 2N01T.",2015-10-26 20:00:00,2015-10-26 19:28:00,2015-10-29 06:52:00,"CAJ",211920s (~2.45 days),"2N01T"
"157",38116,"SINCDVREC","BIPOINT TTJ-2 TRAVESSAO 2 DE RECIFE . CIRCUITO 1S01T",2015-10-28 12:28:00,2015-10-28 12:25:00,2015-10-29 07:10:00,NA,67320s (~18.7 hours),"1S01T"
"158",38347,"SINCDVIMB","CODIGO 0 NO CDV 1N14T",2015-11-03 13:36:00,2015-11-03 13:36:00,2015-11-04 11:34:00,"NEV",79080s (~21.97 hours),"1N14T"
"159",39172,"SINCDVRECSUL","FALSA OCUPACAO NO CDV 3S01T",2015-11-19 09:21:00,2015-11-19 07:20:00,2015-11-19 15:52:00,"RECS",23460s (~6.52 hours),"3S01T"
"160",39471,"SINCDVLAR","FALSA OCUPACAO NOS CDV'S 2N9T, 2N10T, 2N11T, 2N12T E 2N13T DA VIA 2.",2015-11-25 02:00:00,2015-11-25 01:38:00,2015-11-25 03:51:00,"CAJ",6660s (~1.85 hours),"2N10T-2N11T-2N12T-2N13T"
"161",39526,"SINCDVCAJ","FALSA OCUPACAO CONSTANTE NO CDV 1S03T.",2015-11-25 18:04:00,2015-11-25 17:34:00,2016-04-28 10:07:00,"CAJ",13363380s (~22.1 weeks),"1S03T"
"162",39544,"SINCDVLAR","FALSA OCUPACAO NOS CDV'S VIA 1, 1N13T ATE 1N03T - VIA 2, 2N13T ATE 2N03T.",2015-11-26 03:41:00,2015-11-26 03:35:00,2015-11-26 05:05:00,"CAJ",5040s (~1.4 hours),"1N13T-1N03T-2N13T-2N03T"
"163",39649,"SINCDVCAJ","FALSA OCUPACAO CONSTANTE NO CDV 1S03T.",2015-11-27 19:34:00,2015-11-27 19:00:00,2015-11-30 19:18:00,"CAJ",258240s (~2.99 days),"1S03T"
"164",39792,"SINCDVCAJ","FALSA OCUPACAO CONSTANTE NO CDV 1S03T.",2015-12-01 18:34:00,2015-12-01 18:12:00,2015-12-11 11:17:00,"CAJ",837780s (~1.39 weeks),"1S03T"
"165",40359,"SINCDVJOA","FALSA OCUPACAO INTERMITENTE CDV 1S04",2015-12-14 15:46:00,2015-12-14 15:41:00,2015-12-15 17:10:00,NA,91440s (~1.06 days),"1S04T"
"166",40456,"SINCDVRECSUL","FALSA OCUPACAO CONSTANTE NO CDV 1S02T",2015-12-16 11:14:00,2015-12-16 11:08:00,2015-12-16 13:43:00,"RECS",8940s (~2.48 hours),"1S02T"
"167",40578,"SINCDVREC","BIPOINT 3S01T NO TRAVESSAO 21 DE REC SINALIZANDO CONSTANTE FECHANDO SINALEIROS DE REC.",2015-12-18 19:11:00,2015-12-18 19:03:00,2015-12-21 08:50:00,NA,221940s (~2.57 days),"3S01T"
"168",40587,"SINCDVRECSUL","BIPOINT 2S01T COM FALSA OCUPACAO CONSTANTE BLOQUEANDO O TRAVESSAO 02 EM REVERSO",2015-12-19 07:42:00,2015-12-19 07:39:00,2015-12-19 12:23:00,"RECS",16860s (~4.68 hours),"2S01T"
"169",40602,"SINCDVREC","FALSA OCUPACAO CONSTANTE NO CDV 2S01T.",2015-12-19 21:37:00,2015-12-19 21:34:00,2015-12-21 20:31:00,NA,168840s (~1.95 days),"2S01T"
"170",40612,"SINCDVNEV","FALSA OCUPACAO NO CDV 1S01T,FECHANDO SINALEIRO 7A ",2015-12-20 10:24:00,2015-12-20 10:24:00,2015-12-20 12:30:00,"NEV",7560s (~2.1 hours),"1S01T"
"171",40737,"SINCDVRECSUL","FALSA OCUPACAO NO CDV 2S01T",2015-12-23 09:54:00,2015-12-23 09:40:00,2015-12-23 12:21:00,"RECS",8820s (~2.45 hours),"2S01T"
"172",40781,"SINCDVJOASUL","FALSA OCUPACAO INTERMITENTE NO CDV 2S03T ",2015-12-24 12:04:00,2015-12-24 12:00:00,2015-12-26 19:58:00,"RECS",201240s (~2.33 days),"2S03T"
"173",40899,"SINCDVJOASUL","FALSA OCUPACAO INTERMITENTE NO CDV 2S03",2015-12-28 14:24:00,2015-12-28 14:45:00,2015-12-28 15:12:00,"RECS",2880s (~48 minutes),"2S03T"
"174",41007,"SINCDVJOASUL","FALSA OCUPACAO INTERMITENTE NO CDV 2S03T.",2015-12-30 19:16:00,2015-12-30 19:11:00,2016-01-05 13:44:00,"RECS",498480s (~5.77 days),"2S03T"
"175",41182,"SINCDVREC","BI-POINT 3S01TCK ACEDENDO DE MODO INTERMITENTE (TRAVANDO ROTA)",2016-01-05 06:26:00,2016-01-05 06:20:00,2016-01-05 14:49:00,NA,30180s (~8.38 hours),"3S01T"
"176",41363,"SINCDVFAL","FALSA OCUPACAO CONSTANTE NOS CDV'S 2N06T, 2N05T, 2N04T, 2N037 E 2N02T",2016-01-09 10:11:00,2016-01-09 09:48:00,2016-01-09 13:34:00,"NEV",12180s (~3.38 hours),"2N06T-2N05T-2N04T-2N02T"
"177",41364,"SINCDVSHO","FALSA OCUPACAO NOS CDV'S 3N03T E 3N02T",2016-01-09 10:13:00,2016-01-09 09:48:00,2016-01-09 13:37:00,"NEV",12240s (~3.4 hours),"3N03T-3N02T"
"178",41384,"SINCDVJOASUL","FALSA OCUPACAO INTERMITENTE NO CDV 2S03T.",2016-01-09 17:50:00,2016-01-09 17:42:00,2016-02-04 14:49:00,"RECS",2235540s (~3.7 weeks),"2S03T"
"179",41400,"SINCDVRECSUL","FALSA OCUPACAO CONSTANTE NO CDV 2N01T.",2016-01-09 20:40:00,2016-01-09 20:30:00,2016-01-11 14:10:00,"RECS",149400s (~1.73 days),"2N01T"
"180",42019,"SINCDVJOASUL","FALSA OCUPACAO INTERMITENTE NO CDV 1S04T ENCIMA DA MAQUINA DE CHAVE 08 (EM REVERSO_",2016-01-25 11:05:00,2016-01-25 11:06:00,2016-01-25 14:58:00,"RECS",13980s (~3.88 hours),"1S04T"
"181",42248,"SINCDVGUA","FALSA OCUPACAO CONSTANTE NO CDV 1N08.",2016-01-29 20:37:00,2016-01-29 19:52:00,2016-02-01 20:40:00,"CAJ",259380s (~3 days),"1N08T"
"182",42298,"SINCDVCAJ","FALSA OCUPACAO CONSTANTE NO CDV 1N02T",2016-01-30 05:13:00,2016-01-30 05:13:00,2016-02-04 14:44:00,"CAJ",466260s (~5.4 days),"1N02T"
"183",42306,"SINCDVGUA","FALSA OCUPACAO NO CDV 1N08-T",2016-01-30 08:47:00,2016-01-30 07:55:00,2016-01-30 14:00:00,"CAJ",18780s (~5.22 hours),"1N08T"
"184",42349,"SINCDVIMB","FALSA OCUPACAO NO CDV 1N 11T E 2N 11T",2016-01-31 12:46:00,2016-01-31 12:46:00,2016-02-01 15:45:00,"NEV",97140s (~1.12 days),"1N11T-2N11T"
"185",42404,"SINCDVIMB","FALSA OCUPACAO NOS CDV'S 1N 11T E 2N 11T (BI POINT TRAVESAO 4 ACESO)",2016-02-01 21:10:00,2016-02-01 21:05:00,2016-02-04 16:27:00,"NEV",242220s (~2.8 days),"1N11T-2N11T"
"186",42422,"SINCDVSHO","FALSA OCUPACAO CONSTANTE NO CDV 3N01T",2016-02-02 06:07:00,2016-02-02 06:07:00,2017-12-19 14:55:00,"NEV",59302080s (~1.88 years),"3N01T"
"187",42450,"SINCDVCAJ","CODIGO 0 NO CDV 2N02T",2016-02-02 13:22:00,2016-02-02 13:22:00,2016-02-04 16:32:00,"CAJ",184200s (~2.13 days),"2N02T"
"188",42531,"SINCDVCAJ","FALSA OCUPACAO NO CDV 1S03T",2016-02-04 05:37:00,2016-02-04 05:35:00,2016-02-04 16:50:00,"CAJ",40380s (~11.22 hours),"1S03T"
"189",42565,"SINCDVIMB","FALSA OCUPACAO INTERMITENTE NO CDV 2N11T VIA 2 E 1N11T VIA 1.",2016-02-04 22:51:00,2016-02-04 22:47:00,2016-02-05 14:35:00,"NEV",56640s (~15.73 hours),"2N11T-1N11T"
"190",42627,"SINCDVIMB","FALSA OCUPACAO NO CDV 2N13T",2016-02-06 11:00:00,2016-02-06 10:20:00,2016-02-06 11:53:00,"NEV",3180s (~53 minutes),"2N13T"
"191",42882,"SINCDVPAZ","FALSA OCUPACAO CONSTANTE NO CDV 1S09T",2016-02-15 05:34:00,2016-02-15 05:18:00,2016-02-15 09:27:00,"RECS",13980s (~3.88 hours),"1S09T"
"192",43297,"SINCDVNEV","FALSA COPACAO CONSTANTE NOS CDV'S: 2N06T, 2N05T, 2N04T, 2N03T, 2N02T. DE NORTE DE NEV ATE FAL 2",2016-02-21 07:13:00,2016-02-21 07:00:00,2016-02-21 10:36:00,"NEV",12180s (~3.38 hours),"2N06T-2N05T-2N04T-2N03T-2N02T"
"193",43298,"SINCDVSHO","FALSA CONSTANTE NOS CDV'S3N03T E 3N02T",2016-02-21 07:18:00,2016-02-21 07:00:00,2016-02-21 10:41:00,"NEV",12180s (~3.38 hours),"3N03T-3N02T"
"194",43652,"SINCDVRECSUL","BI POINT 3S01T FECHANDO SINALEIRO 01C.",2016-02-29 23:05:00,2016-02-29 23:00:00,2016-03-01 13:31:00,"RECS",51960s (~14.43 hours),"3S01T"
"195",43664,"SINCDVJOASUL","FALSA OCUPACAO INTERMITENTE NO CDV 3 S04T",2016-03-01 10:30:00,2016-03-01 10:24:00,2016-03-01 13:58:00,"RECS",12480s (~3.47 hours),"3S04T"
"196",43666,"SINCDVRECSUL","FALHA NO BIPOINTE DO CDB 1S03T FALHA INTERMITENTE",2016-03-01 10:38:00,2016-03-01 10:38:00,2016-03-01 14:12:00,"RECS",12840s (~3.57 hours),"1S03T"
"197",43751,"SINCDVJOA","FALSA OCUPACAO NO CDV 3S04T ",2016-03-03 03:21:00,2016-03-03 03:18:00,2016-03-03 12:06:00,NA,31500s (~8.75 hours),"3S04T"
"198",43925,"SINCDVJOA","BI POINT 2S04T REC OCUPADO CONSTANTEMENTE",2016-03-07 17:50:00,2016-03-07 17:34:00,2017-12-19 14:56:00,NA,56322360s (~1.78 years),"2S04T"
"199",44165,"SINCDVLAR","FALSA OCUPACAO NOS CDV'S 2N13T,2N12T, 2N11T, 2N10T, VIA 1 1N13T, 1N12T, 1N11T, 1N10T, 1N09T, VIA 2",2016-03-13 01:54:00,2016-03-13 01:40:00,2016-03-13 06:43:00,"CAJ",17340s (~4.82 hours),"2N13T-2N12T-2N11T-2N10T-1N13T-1N12T-1N11T-1N10T-1N09T"
"200",44252,"SINCDVSHO","BIPOINT A DO CDV 3N02-T ATIVADO INDEVIDAMENTE",2016-03-15 10:22:00,2016-03-15 09:04:00,2016-03-15 14:25:00,"NEV",14580s (~4.05 hours),"3N02T"
"201",44358,"SINCDVFAL","BI-POINT 1N06T-A ACESO CONSTANTIMENTE",2016-03-17 00:54:00,2016-03-17 00:54:00,2016-03-18 13:11:00,"NEV",130620s (~1.51 days),"1N06T"
"202",44377,"SINCDVSHO","CODIGO 0 NO CDV 1N04T",2016-03-17 11:38:00,2016-03-17 11:26:00,2016-03-18 13:23:00,"NEV",92700s (~1.07 days),"1N04T"
"203",44552,"SINCDVNEV","CODIGO 0 NO CDV 1S01-T",2016-03-21 11:56:00,2016-03-21 11:56:00,2016-05-13 10:12:00,"NEV",4572960s (~7.56 weeks),"1S01T"
"204",44611,"SINCDVJOASUL","FALSA OCUPACAO NO CDV 2S03-T",2016-03-22 07:58:00,2016-03-22 07:40:00,2016-03-22 14:48:00,"RECS",24600s (~6.83 hours),"2S03T"
"205",44756,"SINCDVPAZ","FALSA OCUPACAO INTERMITENTE NO CDV 1S09T.",2016-03-25 17:01:00,2016-03-25 16:49:00,2016-03-25 21:12:00,"RECS",15060s (~4.18 hours),"1S09T"
"206",44771,"SINCMTMUXNEV","AO ALINHAR O CICLO ASPRESENTA AS FALSAS OCUPACOES NOS CDV'S: 2N11T,2N10T, 1N11T. FECHA SINALEIRO 4A E 4C.",2016-03-26 07:00:00,2016-03-26 06:02:00,2016-03-29 06:20:00,"NEV",256800s (~2.97 days),"2N11T-2N10T-1N11T"
"207",44789,"SINCDVPAZ","FALSA OCUPACAO CONSTANTE NO CDV 1S09T.",2016-03-26 15:34:00,2016-03-26 15:32:00,2016-03-26 21:03:00,"RECS",19740s (~5.48 hours),"1S09T"
"208",44815,"SINCDVIMB","FALSA OCUPACAO CONSTANTE NO CDV 1N10T.",2016-03-28 04:47:00,2016-03-28 04:33:00,2016-03-29 06:15:00,"NEV",91680s (~1.06 days),"1N10T"
"209",45324,"SINCDVREC","BI-POINT 3S01TC INDICANDO GVS IMPEDINDO MOVIMENTACAO DO TRAVESSAO 21 QUE IMPEDE ABERTURA DO SINALEIRO 1C E 1A",2016-04-07 12:38:00,2016-04-07 12:38:00,2016-04-08 13:32:00,NA,89640s (~1.04 days),"3S01T"
"210",45346,"SINCDVPAZ","FALSA OCUPACAO CONSTANTE NO CDV 1S09T.",2016-04-07 17:42:00,2016-04-07 17:31:00,2016-04-08 14:43:00,"RECS",75660s (~21.02 hours),"1S09T"
"211",45422,"SINCDVREC","ATUACAO INDEVIDA DO BIPOINT 3S01T.",2016-04-09 14:25:00,2016-04-09 14:06:00,2016-04-13 07:38:00,NA,321180s (~3.72 days),"3S01T"
"212",45458,"SINCDVCAJ","FALSA OCUPACAO CONSTANTE NO CDV 1S05-T",2016-04-11 07:18:00,2016-04-11 06:30:00,2016-04-11 11:47:00,"CAJ",16140s (~4.48 hours),"1S05T"
"213",45503,"SINCDVNEV","FALSA OCUPACAO CONSTANTE NO CDV 2S01T.",2016-04-11 22:19:00,2016-04-11 22:11:00,2016-06-21 11:03:00,"NEV",6093840s (~10.08 weeks),"2S01T"
"214",46009,"SINCDVIMB","FALSA OCUPACAO INTERMITENTE NO CDV 1N11T.",2016-04-21 14:21:00,2016-04-21 14:06:00,2016-04-23 12:11:00,"NEV",165000s (~1.91 days),"1N11T"
"215",46010,"SINCDVIMB","FALSA OCUPACAO INTERMITENTE NOS CDV'S 2N11T E 2N10T.",2016-04-21 14:23:00,2016-04-21 14:06:00,2016-04-23 12:56:00,"NEV",167580s (~1.94 days),"2N11T-2N10T"
"216",46035,"SINCDVPTO","FALSA OCUPACAO NO CDV 2S01T, IMPEDE A ABERTURA DO SINALEIRO 07C",2016-04-22 06:45:00,2016-04-22 06:30:00,2016-04-23 12:24:00,"NEV",106740s (~1.24 days),"2S01T"
"217",46232,"SINCDVIMB","FALSA OCUPACAO CDV 2N10T CAUSA FALSAS OCUPACOES NOS CDV´S 1N12T,2N11T E 1N10T",2016-04-27 06:55:00,2016-04-27 06:40:00,2016-08-04 08:27:00,"NEV",8559120s (~14.15 weeks),"2N10T-1N12T-2N11T-1N10T"
"218",46269,"SINCDVNEV","FALSAS OCUPACOES CDV´S 2N02T,2N03T,2N04T,2N06T E 2N07T ( FOI TROCA DE CARTAO )",2016-04-28 07:47:00,2016-04-28 07:45:00,2016-04-29 12:53:00,"NEV",104760s (~1.21 days),"2N02T-2N03T-2N04T-2N06T-2N07T"
"219",46318,"SINCDVNEV","FALSAS OCUPACOES GENERALIZADAS NOS SEGUINTES CDV´S:FAL-2N06T VIA 2; SHO- 2N05T VIA 2; NEV - 2N04T, 3N03T E 3N02T ZONA DE MANOBRA NEV ; 2N03T E 2N02T VIA 2",2016-04-29 02:39:00,2016-04-29 02:39:00,2016-04-29 05:35:00,"NEV",10560s (~2.93 hours),"2N06T-2N05T-2N04T-3N03T-3N02T-2N03T-2N02T"
"220",46796,"SINCDVCAJ","FALSA OCUPACAO INTERMITENTE NO CDV 1N02T. OBS: FECHANDO O SINALEIRO 10",2016-05-10 17:27:00,2016-05-10 17:24:00,2016-05-11 13:54:00,"CAJ",73620s (~20.45 hours),"1N02T"
"221",46885,"SINCDVNEV","FALSA OCUPACAO CONSTANTE NO CDV 2S01T.",2016-05-11 22:45:00,2016-05-11 22:42:00,2016-05-13 09:56:00,"NEV",126660s (~1.47 days),"2S01T"
"222",46992,"SINCDVREC","FALSA OCUPACAO CONSTANTE CDV 1S01T.",2016-05-13 11:17:00,2016-05-13 11:13:00,2016-05-13 13:08:00,NA,6660s (~1.85 hours),"1S01T"
"223",47349,"SINCDVNEV","FALSA OCUPACAO NOS CDV'S 2N02T,2N04T,2N05T,2N06T E 3N02T. ",2016-05-24 09:08:00,2016-05-24 09:05:00,2016-05-25 06:38:00,"NEV",77400s (~21.5 hours),"2N02T-2N04T-2N05T-2N06T-3N02T"
"224",47627,"SINCDVPTO","CDV 1N13T O 1º A SUL DE PTO 01 COM FALSA OCUPACAO INTERMITENTE",2016-05-31 10:19:00,2016-05-31 10:19:00,2016-05-31 14:17:00,"NEV",14280s (~3.97 hours),"1N13T"
"225",47871,"SINCDVCAJ","BIPOINT 2N03TA ATUANDO INDEVIDAMENTE DE FORMA INTERMITENTE FECHANDO O SINALEIRO 10C",2016-06-06 09:37:00,2016-06-06 08:48:00,2016-06-06 21:55:00,"CAJ",44280s (~12.3 hours),"2N03T"
"226",48073,"SINCDVSHO","BIPOINT A NO CDV 3N02T ACIONANDO INDEVIDAMENTE",2016-06-09 06:33:00,2016-06-09 06:22:00,2016-06-10 13:58:00,"NEV",113100s (~1.31 days),"3N02T"
"227",48114,"SINCDVPAZ","FALSA OCUPACAO NO CDV 1N14T",2016-06-10 05:59:00,2016-06-10 05:59:00,2016-06-10 13:48:00,"RECS",28140s (~7.82 hours),"1N14T"
"228",48198,"SINTRV04RECLS","TRAVESSAO 04 PERDE CORRESPONDENCIA QUANDO O CDV 2S01T ESTA OCUPADO",2016-06-11 13:54:00,2016-06-11 13:52:00,2016-06-11 20:12:00,NA,22680s (~6.3 hours),"2S01T"
"229",48536,"SINCDVPAZ","FALSA OCUPACAO CONSTANTE NO CDV 1S09T.",2016-06-20 21:48:00,2016-06-20 21:44:00,2016-06-22 14:11:00,"RECS",145380s (~1.68 days),"1S09T"
"230",48588,"SINCDVPAZ","FALSA OCUPACAO INTERMITENTE NO CDV 1S09T. OBS: ROUBANDO IDENTIFICACAO DOS TRENS.",2016-06-22 15:05:00,2016-06-22 15:00:00,2016-06-27 21:01:00,"RECS",453360s (~5.25 days),"1S09T"
"231",48750,"SINCDVLAR","FALSA OCUPACAO CONSTANTE NO CDV 2N11T",2016-06-28 03:17:00,2016-06-28 03:10:00,2016-06-28 05:35:00,"CAJ",8280s (~2.3 hours),"2N11T"
"232",49125,"SINCDVLAR","FALSA OCUPACAO CONSTANTE NOS CDV´S 2N12T E 2N11T. OBS: PROVOCADO PELA NIVELADORA ",2016-07-08 01:31:00,2016-07-08 02:15:00,2016-07-11 15:29:00,"CAJ",309480s (~3.58 days),"2N12T-2N11T"
"233",49205,"SINCDVPTO","FALSA OCUPACAO CONSTANTE CDV 2N12T. FECHANDO O SINALEIRO DE LAR 2",2016-07-10 05:20:00,2016-07-10 05:17:00,2016-07-10 11:57:00,"NEV",23820s (~6.62 hours),"2N12T"
"234",49461,"SINCDVLAR","FALSA OCUPACAO CDV'S 2N13T,2N12T,2N11T,2N10T,2N9T VIA-2; 1N13T,1N12T,1N11T,1N10T,1N9T VIA-1. (APOS MANOBRDO 13.8)",2016-07-16 02:18:00,2016-07-16 02:06:00,2016-07-16 06:00:00,"CAJ",13320s (~3.7 hours),"2N13T-2N12T-2N11T-2N10T-1N13T-1N12T-1N11T-1N10T"
"235",49942,"SINCDVPAZ","FALSA OCUPACAO INTERMITENTE NO CDV 1S09T INTERMITENTE",2016-07-28 09:17:00,2016-07-28 09:15:00,2016-07-28 14:11:00,"RECS",17640s (~4.9 hours),"1S09T"
"236",50209,"SINCDVPAZ","FALSA OCUPACAO CONSTANTE NOS CDV´S 1N14T ATE 1N7T DE PAZ A FAL",2016-08-05 08:19:00,2016-08-05 08:15:00,2016-08-08 07:36:00,"RECS",256620s (~2.97 days),"1N14T"
"237",50387,"SINCDVPAZ","FALSA OCUPACAO INTERMITENTE NO CDV 1N14T",2016-08-10 11:57:00,2016-08-10 10:47:00,2016-08-11 13:54:00,"RECS",93420s (~1.08 days),"1N14T"
"238",50768,"SINCDVPAZ","FALSA OCUPACAO CONSTANTE NO CDV 1N14T.",2016-08-19 19:34:00,2016-08-19 19:29:00,2016-08-19 21:17:00,"RECS",6180s (~1.72 hours),"1N14T"
"239",51570,"SINCDVPAZ","FALSA OCUPACAO INTERMITENTE NO CDV 1S09T.",2016-09-09 21:01:00,2016-09-09 20:43:00,2016-09-09 21:41:00,"RECS",2400s (~40 minutes),"1S09T"
"240",51896,"SINCDVPAZ","FALSA OCUPACAO CONSTANTE NO CDV 1S09T.",2016-09-19 03:27:00,2016-09-19 03:23:00,2016-09-19 14:39:00,"RECS",40320s (~11.2 hours),"1S09T"
"241",52028,"SINCDVCAJ","CODIGO 0 NO CDV 1S01T PROXIMO AO TRAVESSAO 08",2016-09-22 07:40:00,2016-09-22 07:23:00,2016-09-23 06:34:00,"CAJ",82440s (~22.9 hours),"1S01T"
"242",52098,"SINCDVCAJ","FALSA OCUPACAO PISCANTE NO CDV 1N02T. 1 A NORTE DA VIA 01",2016-09-23 08:30:00,2016-09-23 07:47:00,2016-09-27 13:16:00,"CAJ",362760s (~4.2 days),"1N02T"
"243",52416,"SINCDVRECSUL","FALSA OCUPACAO CDV 1S02 T",2016-09-30 14:33:00,2016-09-30 14:00:00,2016-09-30 18:40:00,"RECS",14820s (~4.12 hours),"1S02T"
"244",52552,"SINCDVLAR","F.O NOS CDV´S 2N09T,2N107,2N11T,2N12T E 2N13T",2016-10-05 10:18:00,2016-10-05 01:48:00,2016-10-06 13:04:00,"CAJ",96360s (~1.12 days),"2N09T-2N11T-2N12T-2N13T"
"245",53082,"SINCDVJOA","FALSA OCUPACAO INTERMITENTE NO CDV 1S06T.",2016-10-12 17:17:00,2016-10-12 17:03:00,2016-10-17 19:21:00,NA,439440s (~5.09 days),"1S06T"
"246",53167,"SINCDVLAR","FALSA OCUPACAO INTERMITENTE NO CDV 2N11T.",2016-10-14 13:29:00,2016-10-14 13:14:00,2016-10-25 11:18:00,"CAJ",942540s (~1.56 weeks),"2N11T"
"247",54053,"SINCDVLAR","FALSA OCUPACAO NO CDV 2N11T",2016-11-05 17:54:00,2016-11-05 17:46:00,2017-06-07 14:32:00,"CAJ",18477480s (~30.55 weeks),"2N11T"
"248",54242,"SINCDVJOA","FALSA OCUPACAO INTERMITENTE NO CDV 2S04T. FECHANDO SINALEIRO 2C E 2A.",2016-11-10 12:44:00,2016-11-10 12:44:00,2016-11-10 15:16:00,NA,9120s (~2.53 hours),"2S04T"
"249",54609,"SINCDVJOASUL","FALSA OCUPACAO NO CDV 1S06-T",2016-11-21 06:08:00,2016-11-21 06:05:00,2016-11-21 13:58:00,"RECS",28200s (~7.83 hours),"1S06T"
"250",54645,"SINCDVJOA","FALSA OCUPACAO INTERMITENTE NO CDV 1S06T.",2016-11-21 18:48:00,2016-11-21 18:43:00,2016-11-22 11:24:00,NA,59760s (~16.6 hours),"1S06T"
"251",54649,"SINCDVCAJ","FALSA OCUPACAO PISCANTE NO CDV 1N02T . OBS: RETIRANDO IDENTIFICACAO DO TREM.",2016-11-21 20:33:00,2016-11-21 20:28:00,2016-11-22 11:19:00,"CAJ",53160s (~14.77 hours),"1N02T"
"252",54692,"SINCDVJOASUL","FALSA OCUPACAO INTERMITENTE NO CDV 1S06T",2016-11-22 18:12:00,2016-11-22 18:03:00,2016-11-23 13:24:00,"RECS",69120s (~19.2 hours),"1S06T"
"253",54821,"SINCDVPAZ","FALSA OCUPACAO CONSTANTE NO CDV 1S09T.",2016-11-26 00:05:00,2016-11-26 00:05:00,2016-11-26 05:52:00,"RECS",20820s (~5.78 hours),"1S09T"
"254",54830,"SINCDVPAZ","FALSA OCUPACAO PISCANTE NO CDV 1S09T",2016-11-26 10:35:00,2016-11-26 09:00:00,2016-12-12 13:57:00,"RECS",1394520s (~2.31 weeks),"1S09T"
"255",55136,"SINCDVLAR","FALSA OCUPACAO INTERMITENTE NO CDV 2N11T, O 1º A NORTE DE LAR 02",2016-12-03 09:09:00,2016-12-03 09:00:00,2016-12-12 14:00:00,"CAJ",795060s (~1.31 weeks),"2N11T"
"256",55150,"SINCDVJOASUL","FALSA OCUPACAO INTERMITENTE NO CDV 1S04T, BLOQUEANDO O TRAVESSAO 10 E A MAQUINA DE CHAVE 08",2016-12-03 12:57:00,2016-12-03 13:15:00,2016-12-12 14:05:00,"RECS",781680s (~1.29 weeks),"1S04T"
"257",55389,"SINCDVJOA","FALSA OCUPACAO INTERMITENTE NO CDV 1S06T.",2016-12-09 22:11:00,2016-12-09 22:05:00,2016-12-12 14:10:00,NA,230340s (~2.67 days),"1S06T"
"258",55423,"SINCDVCAJ","FALSA OCUPACAO INTERMITENTE NO CDV 1N02T FECHANDO SINALEIRO 10",2016-12-12 05:18:00,2016-12-12 05:14:00,2016-12-12 14:17:00,"CAJ",32340s (~8.98 hours),"1N02T"
"259",55539,"SINCDVJOA","FALSA OCUPACAO CONSTANTE NO CDV 1S04T.",2016-12-14 12:23:00,2016-12-14 12:23:00,2017-01-24 11:49:00,NA,3540360s (~5.85 weeks),"1S04T"
"260",55545,"SINCDVLAR","FALSA OCUPACAO CONSTANTE NO CDV 2N11T. FECHA SINALEIRO 08C.",2016-12-14 15:48:00,2016-12-14 15:42:00,2016-12-21 18:06:00,"CAJ",613080s (~1.01 weeks),"2N11T"
"261",55779,"SINCDVREC","FALSA OCUPACAO PISCANTE NO CDV 1S04T PROXIMO A MAQUINA DE CHAVE 10A E AMV 8",2016-12-20 11:15:00,2016-12-20 11:15:00,2016-12-21 18:18:00,NA,111780s (~1.29 days),"1S04T"
"262",55818,"SINCDVJOA","FALSA OCUPACAO INTERMITENTE NO CDV 1S06T. 1º A SUL DE JOA VIA 01",2016-12-21 08:40:00,2016-12-21 07:41:00,2016-12-21 13:19:00,NA,16740s (~4.65 hours),"1S06T"
"263",55880,"SINCDVJOASUL","FALSA OCUPACAO CONSTANTE NO CDV 1S06T.",2016-12-22 18:00:00,2016-12-22 17:53:00,2017-01-25 13:08:00,"RECS",2920080s (~4.83 weeks),"1S06T"
"264",55961,"SINCDVCAJ","FALSA OCUPACAO NO CDV 2S01-T",2016-12-25 09:44:00,2016-12-25 09:44:00,2017-01-25 11:06:00,"CAJ",2683320s (~4.44 weeks),"2S01T"
"265",56140,"SINCDVPAZ","FALSA OCUPACAO CONSTANT NO CDV 1S09T. PLATAFORMA 01 VIA 01",2016-12-29 10:47:00,2016-12-29 10:40:00,2017-01-06 09:31:00,"RECS",686640s (~1.14 weeks),"1S09T"
"266",56273,"SINCDVJOASUL","FALSA OCUPACAO CONSTANTE NO CDV 1S06T.",2017-01-02 17:35:00,2017-01-02 17:27:00,2017-01-26 10:19:00,"RECS",2047440s (~3.39 weeks),"1S06T"
"267",56310,"SINCDVJOA","FALSA OCUPACAO INTERMITENTE NO CDV 1S04T.",2017-01-03 19:30:00,2017-01-03 12:29:00,2017-01-24 10:01:00,NA,1780260s (~2.94 weeks),"1S04T"
"268",56352,"SINCDVJOA","FALSA OCUPACAO CONSTANTE NO CDV 1S04T",2017-01-04 15:40:00,2017-01-04 12:00:00,2017-01-24 10:07:00,NA,1708020s (~2.82 weeks),"1S04T"
"269",56426,"SINCDVPAZ","FALSA OCUPACAO NO CDV 1S09-T",2017-01-06 11:04:00,2017-01-06 10:52:00,2017-01-12 14:54:00,"RECS",532200s (~6.16 days),"1S09T"
"270",56604,"SINCDVPAZ","FALSA OCUPACAO CONSTANTE NO CDV 1N14T",2017-01-11 09:56:00,2017-01-11 09:47:00,2017-01-11 14:42:00,"RECS",17160s (~4.77 hours),"1N14T"
"271",56646,"SINCDVREC","FALSA OCUPACAO INTERMITENTE NO CDV 1S04T (CDV SOBRE A MAQUINA DE CHAVE 8).",2017-01-12 14:01:00,2017-01-12 13:13:00,2017-01-13 20:56:00,NA,111300s (~1.29 days),"1S04T"
"272",56725,"SINCDVJOASUL","FALSA OCUPACAO CDV 1S04T",2017-01-14 12:20:00,2017-01-14 12:20:00,2017-01-24 11:50:00,"RECS",862200s (~1.43 weeks),"1S04T"
"273",56746,"SINCDVCAJ","FALSA OCUPACAO NO CDV 1N02-T",2017-01-15 07:54:00,2017-01-15 07:16:00,2017-01-15 19:20:00,"CAJ",41160s (~11.43 hours),"1N02T"
"274",57690,"SINCDVJOA","CDV 1S04T COM FALSA OCUPACAO CONSTANTE FECHANDO SINALEIRO 2A",2017-02-07 11:33:00,2017-02-07 11:02:00,2017-04-25 09:23:00,NA,6645000s (~10.99 weeks),"1S04T"
"275",58280,"SINCDVPAZ","CDV 1S09T COM FALSA OCUPACAO INTERMITENTE",2017-02-23 11:21:00,2017-02-23 09:55:00,2017-02-24 15:27:00,"RECS",101160s (~1.17 days),"1S09T"
"276",58315,"SINCDVCAJ","CODIGO ZERO CONSTANTE NO CDV 2N02T",2017-02-24 11:42:00,2017-02-24 11:28:00,2017-02-24 15:54:00,"CAJ",15120s (~4.2 hours),"2N02T"
"277",58318,"SINCDVPAZ","FALSA OCUPACAO INTERMITENTE NO CDV 2S09T.",2017-02-24 12:56:00,2017-02-24 12:56:00,2017-02-25 19:06:00,"RECS",108600s (~1.26 days),"2S09T"
"278",58508,"SINCDVPAZ","FALSA OCUPACAO CONSTANTE 2S08T",2017-03-02 09:23:00,2017-03-02 09:23:00,2017-03-02 14:53:00,"RECS",19800s (~5.5 hours),"2S08T"
"279",58814,"SINCDVJOASUL","FALSA OCUPACAO INTERMITENTE NO CDV 2S03-T",2017-03-09 08:29:00,2017-03-09 06:50:00,2017-03-09 14:53:00,"RECS",23040s (~6.4 hours),"2S03T"
"280",58815,"SINCDVJOASUL","FALSA OCUPACAO NO CDV 1S06-T",2017-03-09 08:36:00,2017-03-09 06:50:00,2017-03-09 14:50:00,"RECS",22440s (~6.23 hours),"1S06T"
"281",58843,"SINCDVPAZ","FALSA OCUPACAO NO CDV 2S08T CONSTANTE",2017-03-09 16:50:00,2017-03-09 16:28:00,2017-03-10 15:41:00,"RECS",82260s (~22.85 hours),"2S08T"
"282",58879,"SINCDVSHO","FALSA OCUPACAO INTERMITENTE COM PERDA DE IDENTIDADE NO CDV 1S05T",2017-03-10 14:45:00,2017-03-10 14:45:00,2017-03-13 21:47:00,"NEV",284520s (~3.29 days),"1S05T"
"283",59013,"SINCDVREC","CDV 3S04T COM FALSA OCUPACAO CONSTANTE",2017-03-14 11:14:00,2017-03-14 11:00:00,2017-03-14 15:01:00,NA,13620s (~3.78 hours),"3S04T"
"284",59332,"SINCDVPAZ","FALSA OCUPACAO NO CDV 2S08T",2017-03-22 18:48:00,2017-03-22 18:35:00,2017-03-27 14:32:00,"RECS",416640s (~4.82 days),"2S08T"
"285",59546,"SINCDVPAZ","FALSA OCUPACAO NO CDV 2S08-T",2017-03-28 08:56:00,2017-03-28 07:58:00,2017-03-28 14:53:00,"RECS",21420s (~5.95 hours),"2S08T"
"286",59724,"SINCDVREC","FALSA OCUPACAO CONSTANTE NO CDV 2N01T.",2017-04-01 04:46:00,2017-04-01 04:46:00,2017-04-01 05:53:00,NA,4020s (~1.12 hours),"2N01T"
"287",61448,"SINCDVREC","BIPOINT 3S01T , NO TRAVESSAO 21, ATIVADO CONSTANTEMENTE.",2017-05-17 20:48:00,2017-05-17 20:45:00,2017-05-18 11:17:00,NA,52140s (~14.48 hours),"3S01T"
"288",61485,"SINCDVJOA","FALSA OCUPACAO NO CDV 3S04T . OBS: APOS FLASH NO TUE 01.",2017-05-18 18:08:00,2017-05-18 18:01:00,2017-05-18 23:32:00,NA,19440s (~5.4 hours),"3S04T"
"289",61492,"SINCDVPAZ","FALSA OCUPACAO NO CDV 1N14-T",2017-05-19 08:03:00,2017-05-19 06:30:00,2017-09-01 16:01:00,"RECS",9100680s (~15.05 weeks),"1N14T"
"290",61742,"SINCDVPRZ","FALSA OCUPACAO INTERMITENTE NO CDV 2N05T.",2017-05-25 13:19:00,2017-05-25 13:19:00,2017-05-29 13:38:00,"CAJ",346740s (~4.01 days),"2N05T"
"291",61767,"SINCDVPRZ","FALSA OCUPACAO INTERMITENTE NO CDV 2N05T.",2017-05-25 20:03:00,2017-05-25 19:18:00,2017-05-26 20:24:00,"CAJ",87660s (~1.01 days),"2N05T"
"292",61768,"SINCDVLAR","FALSA OCUPACAO INTERMITENTE NO CDV 2N11T.",2017-05-25 20:06:00,2017-05-25 19:18:00,2017-05-25 21:03:00,"CAJ",3420s (~57 minutes),"2N11T"
"293",62203,"SINCDVRECSUL","CABO ROMPIDO NO CDV 3S01",2017-06-05 17:51:00,2017-06-05 17:51:00,2017-07-14 09:13:00,"RECS",3338520s (~5.52 weeks),"3S01T"
"294",62389,"SINCDVREC","BIPOINT 3S01 TRAVESSAO 21 INIBINDO SINALEIRO DE ENTRADA E SAIDA",2017-06-09 17:20:00,2017-06-09 17:12:00,2017-07-11 14:36:00,NA,2754960s (~4.56 weeks),"3S01T"
"295",62554,"SINCDVGUA","BI-POINT 2N06-T ACESO INTERMITENTE",2017-06-14 11:40:00,2017-06-14 10:25:00,2017-06-19 06:37:00,"CAJ",413820s (~4.79 days),"2N06T"
"296",62767,"SINCDVRECSUL","FALSA OCUPACAO CONSTANTE CDV 3S01T FECHA SINALEIRO 1A",2017-06-20 16:49:00,2017-06-20 16:49:00,2017-06-22 15:12:00,"RECS",166980s (~1.93 days),"3S01T"
"297",62838,"SINCDVJOA","FALSA OCUPACAO CONSTANTE NO CDV 3S04T.",2017-06-21 22:05:00,2017-06-21 22:01:00,2017-06-22 15:22:00,NA,62220s (~17.28 hours),"3S04T"
"298",62910,"SINCDVREC","FALSA OCUPACAO CDV 3S04T CONSTANTE",2017-06-23 14:34:00,2017-06-23 11:55:00,2017-06-23 17:43:00,NA,11340s (~3.15 hours),"3S04T"
"299",62962,"SINCDVCAJ","FALSA OCUPACAO NO CDV 2N01T",2017-06-25 11:42:00,2017-06-25 11:40:00,2017-06-26 11:59:00,"CAJ",87420s (~1.01 days),"2N01T"
"300",63589,"SINCDVREC","FALSA OCUPACAO CONSTANTE NO CDV 3S01T",2017-07-11 11:01:00,2017-07-11 11:00:00,2017-07-11 14:43:00,NA,13320s (~3.7 hours),"3S01T"
"301",63725,"SINCDVNEV","FALSA OCUPACAO CONSTANTE NO CDV 2S01T",2017-07-14 07:01:00,2017-07-14 06:57:00,2017-07-14 14:44:00,"NEV",27780s (~7.72 hours),"2S01T"
"302",63988,"SINCDVREC","FALSA OCUPACAO CONSTANTE NO CDV 2S01 TRAVANDO OS TRAVESSOES 2 E 4 EM NORMAL.",2017-07-20 19:59:00,2017-07-20 19:43:00,2017-07-21 14:01:00,NA,64920s (~18.03 hours),"2S01T"
"303",64106,"SINCDVGUA","BIPOINTE 1N06T ACESO CONSTATIMENTE",2017-07-24 09:26:00,2017-07-24 08:49:00,2017-07-24 14:59:00,"CAJ",19980s (~5.55 hours),"1N06T"
"304",64288,"SINCDVFAL","CDV 2N08 TUE'S PERDENDO IDENTIFICACOES",2017-07-27 23:35:00,2017-07-27 22:41:00,2017-08-02 15:13:00,"NEV",488280s (~5.65 days),"2N08T"
"305",64354,"SINCDVNEV","CODIGO 0 NO CDV 2S01.",2017-07-29 19:13:00,2017-07-29 19:11:00,2017-08-01 15:16:00,"NEV",244980s (~2.84 days),"2S01T"
"306",64388,"SINCDVNEV","FALSA OCUPACAO INTERMITENTE NO CDV 2S01T.",2017-07-31 05:29:00,2017-07-31 05:29:00,2017-08-01 15:02:00,"NEV",120780s (~1.4 days),"2S01T"
"307",64531,"SINCDVNEV","FALSA OCUPACAO NO CDV 2S01-T ( CL01 REALIZOU ATIVIDADE NO LOCAL )",2017-08-03 02:12:00,2017-08-03 02:02:00,2017-08-03 06:15:00,"NEV",14580s (~4.05 hours),"2S01T"
"308",64535,"SINCDVNEV","FALSA OCUPACAO NO CDV 2S01-T ( CL01 REALIZOU ATIVIDADE NO LOCAL )",2017-08-03 06:43:00,2017-08-03 06:43:00,2017-08-03 15:58:00,"NEV",33300s (~9.25 hours),"2S01T"
"309",64564,"SINCDVPTO","FALSA OCUPACAO NO CDV 1S01T INTERMITENTE ",2017-08-03 19:56:00,2017-08-03 19:40:00,2017-08-04 14:40:00,"NEV",67440s (~18.73 hours),"1S01T"
"310",64592,"SINCDVJOASUL","FALSAS OCUPACOES CDV´S: 2S04-T, 2S05-T, 2S06-T, 2S07-T, 2S08-T 2S09-T VIA 2. CDV´S: 1S04-T, 1S05-T, 1S06-T, 1S07-T, 1S08-T 1S09-T VIA 1. , ,",2017-08-04 04:09:00,2017-08-04 04:00:00,2017-08-04 05:10:00,"RECS",3660s (~1.02 hours),"2S04T-2S05T-2S06T-2S07T-2S08T-1S04T-1S05T-1S06T-1S07T-1S08T"
"311",64675,"SINCDVNEV","BIPOINT 2N01T ACESO ATUANDO INDEVIDAMENTE.",2017-08-06 19:30:00,2017-08-06 19:23:00,2017-08-07 07:12:00,"NEV",42120s (~11.7 hours),"2N01T"
"312",64706,"SINCDVNEV","CODIGO 0 NO CDV 2S01T.",2017-08-07 13:35:00,2017-08-07 13:35:00,2017-08-08 14:17:00,"NEV",88920s (~1.03 days),"2S01T"
"313",64708,"SINCDVNEV","BI POINT ACESO CONSTANTEMENTE NO CDV 2N01T.",2017-08-07 15:34:00,2017-08-07 15:34:00,2017-08-08 14:23:00,"NEV",82140s (~22.82 hours),"2N01T"
"314",64710,"SINCDVNEV","FALSA OCUPACAO INTERMITENTE NO CDV 1S01T.",2017-08-07 16:47:00,2017-08-07 16:47:00,2017-08-08 14:12:00,"NEV",77100s (~21.42 hours),"1S01T"
"315",64874,"SINCDVNEV","CODIGO 0 (ZERO) NO CDV 2S01T.",2017-08-11 16:55:00,2017-08-11 16:55:00,2017-08-14 21:16:00,"NEV",274860s (~3.18 days),"2S01T"
"316",64907,"SINCDVNEV","BIPOENTE 2N01TA ACESO CONSTATIMENTE",2017-08-12 09:52:00,2017-08-12 09:49:00,2017-08-12 16:05:00,"NEV",22380s (~6.22 hours),"2N01T"
"317",64965,"SINCDVCAJ","FALSA OCUPACAO INTERMITENTE NO CDV 2N01T",2017-08-14 09:58:00,2017-08-14 09:50:00,2017-08-16 09:38:00,"CAJ",171600s (~1.99 days),"2N01T"
"318",65132,"SINCDVNEV","FALSA OCUPACAO CONSTANTE NO CDV 2S01T.",2017-08-18 05:45:00,2017-08-18 05:45:00,2017-08-18 13:54:00,"NEV",29340s (~8.15 hours),"2S01T"
"319",65518,"SINCDVCAJ","FALSA OCUPACAO INTERMITENTE NO CDV 2N01T, CAUSANDO FECHAMENTO DO SINALEIRO 11C.",2017-08-27 19:31:00,2017-08-27 19:26:00,2017-08-27 21:47:00,"CAJ",8160s (~2.27 hours),"2N01T"
"320",65566,"SINCDVCAJ","FALSA OCUPACAO INTERMITENTE NO CDV 2N01T. OBS: OCORRE QUANDO O TUE ESTA NO PROLONGAMENTO DE CAJ-02. OBS(2): OCASIONALMENTE ROUBA A IDENTIFICACAO DO TREM",2017-08-28 19:42:00,2017-08-28 19:38:00,2017-08-28 21:57:00,"CAJ",8100s (~2.25 hours),"2N01T"
"321",65651,"SINCDVCAJ","FALSA OCUPACAO INTERMITENTE NO CDV 2N01T (OCORRE QUANDO TUE ESTA NO PROLONGAMENTO DE CAJ-2, OCASIONALMENTE ROUBA A IDENTIFICACAO DO TUE. ",2017-08-30 19:46:00,2017-08-30 19:44:00,2017-08-31 13:56:00,"CAJ",65400s (~18.17 hours),"2N01T"
"322",66113,"SINCDVCAJ","FALSA OCUPACAO INTERMITENTE NO CDV 2N01T.",2017-09-13 17:48:00,2017-09-13 17:46:00,2017-09-14 13:53:00,"CAJ",72300s (~20.08 hours),"2N01T"
"323",66225,"SINCDVRECSUL","FALSA OCUPACAO INTERMITENTE NO CDV 1S01T (APOS PARTIDA DO TUE)",2017-09-16 21:16:00,2017-09-16 21:14:00,2017-09-17 12:48:00,"RECS",55920s (~15.53 hours),"1S01T"
"324",66290,"SINCDVLAR","FALSA OCUPACAO INTERMITENTE NO CDV 2N11T, FECHANDO O SINALEIRO 08C DA VIA 02",2017-09-19 10:48:00,2017-09-19 10:50:00,2017-09-21 15:11:00,"CAJ",188580s (~2.18 days),"2N11T"
"325",66446,"SINCDVPAZ","FALSA OCUPACAO NO CDV 2S08-T",2017-09-23 09:08:00,2017-09-23 09:03:00,2017-09-23 14:08:00,"RECS",18000s (~5 hours),"2S08T"
"326",66565,"SINCDVCAJ","FALSA OCUPACAO INTERMITENTE NO CDV 2N01T",2017-09-27 18:17:00,2017-09-27 18:16:00,2017-09-28 14:49:00,"CAJ",73920s (~20.53 hours),"2N01T"
"327",66735,"SINCDVCAJ","FALSA OCUPACAO CONSTANTE NO CDV 2N01T.",2017-10-02 17:19:00,2017-10-02 17:15:00,2017-10-03 17:40:00,"CAJ",87660s (~1.01 days),"2N01T"
"328",66958,"SINCDVREC","FALSA OCUPACAO CONSTANTE NO CDV 3S04T",2017-10-08 11:51:00,2017-10-08 11:39:00,2017-10-08 20:18:00,NA,30420s (~8.45 hours),"3S04T"
"329",68363,"SINCDVPRZ","FALSA OCUPACAO INTERMITENTE NO CDV 2N05T.",2017-11-14 13:42:00,2017-11-14 13:39:00,2017-11-14 21:54:00,"CAJ",29520s (~8.2 hours),"2N05T"
"330",68688,"SINCDVLAR","FALSA OCUPACAO INTERMITENTE NO CDV 2N11T.",2017-11-22 19:16:00,2017-11-22 19:16:00,2017-11-23 15:00:00,"CAJ",71040s (~19.73 hours),"2N11T"
"331",69322,"SINCDVRECSUL","BIPOINTE 1S03TB ACESO CONSTATIMENTE",2017-12-06 09:42:00,2017-12-06 09:20:00,2017-12-06 14:05:00,"RECS",15780s (~4.38 hours),"1S03T"
"332",69430,"SINCDVREC","FALSA OCUPACAO INTERMITENTE NO CDV 1S02T.",2017-12-08 12:13:00,2017-12-08 12:13:00,2017-12-09 14:35:00,NA,94920s (~1.1 days),"1S02T"
"333",70271,"SINCDVJOASUL","FALSA OCUPACAO INTERMITENTE NO CDV 1S04.",2017-12-31 13:30:00,2017-12-31 13:30:00,2018-01-02 14:08:00,"RECS",175080s (~2.03 days),"1S04T"
"334",70321,"SINCDVRECSUL","FALSA OCUPACAO CONSTANTE NO CDV 1S02T.OBS.: TRAVANDO O TRV 4 EM REVERSO.",2018-01-02 12:44:00,2018-01-02 12:44:00,2018-01-03 13:30:00,"RECS",89160s (~1.03 days),"1S02T"
"335",70490,"SINCDVPAZ","FALSA OCUPACAO CONSTANTE NO CDV 2S08.",2018-01-05 12:16:00,2018-01-05 12:16:00,2018-01-05 17:22:00,"RECS",18360s (~5.1 hours),"2S08T"
"336",70676,"SINCDVJOASUL","FALSA OCUPACAO INTERMITENTE NO CDV 1S04T INIBINDO O SIN 2A E AS MQC'S 8 E 10A",2018-01-11 12:24:00,2018-01-11 12:24:00,2018-03-13 11:52:00,"RECS",5268480s (~8.71 weeks),"1S04T"
"337",70726,"SINCDVPAZ","FALSA OCUPACAO CONSTANTE NO CDV 2S08T",2018-01-12 13:04:00,2018-01-12 13:00:00,2018-01-12 21:33:00,"RECS",30540s (~8.48 hours),"2S08T"
"338",70743,"SINCDVRECSUL","FALSA OCUPACAO NO CDV 3S01T",2018-01-12 17:25:00,2018-01-12 17:20:00,2018-01-12 22:32:00,"RECS",18420s (~5.12 hours),"3S01T"
"339",71253,"SINCDVREC","FALSA OCUPACAO NO CDV 3S04-T",2018-01-27 07:59:00,2018-01-27 07:30:00,2018-01-29 11:11:00,NA,184320s (~2.13 days),"3S04T"
"340",71260,"SINCDVJOASUL","FALSA OCUPACAO NO CDV 1S04T INTERMITENTE",2018-01-27 13:10:00,2018-01-27 12:45:00,2018-01-29 11:12:00,"RECS",165720s (~1.92 days),"1S04T"
"341",71708,"SINCDVJOASUL","FALSA OCUPACAO CDV 1S02T INTERMITENTE",2018-02-07 14:11:00,2018-02-07 14:11:00,2018-02-16 08:51:00,"RECS",758400s (~1.25 weeks),"1S02T"
"342",74511,"SINCDVPAZ","FALSA OCUPACAO NO CDV 2S08-T",2018-04-18 10:59:00,2018-04-18 10:40:00,2018-04-18 13:52:00,"RECS",10380s (~2.88 hours),"2S08T"
"343",74856,"SINCDVNEV","FALSA OCUPACAO CONSTANTE NO CDV 1S01T.",2018-04-27 23:59:00,2018-04-27 23:59:00,2018-04-28 00:24:00,"NEV",1500s (~25 minutes),"1S01T"
"344",74859,"SINCDVNEV","FALSA OCUPACAO NO CDV 1N02-T",2018-04-27 06:23:00,2018-04-27 06:17:00,2018-04-27 07:52:00,"NEV",5340s (~1.48 hours),"1N02T"
"345",74986,"SINCDVSHO","AMV 8 BI POINT 3N03TTJ PROVOCA EMERGENCIA NO TUE AO OCUPAR CDV 1N04T",2018-04-30 21:58:00,2018-04-30 21:55:00,2018-04-30 23:28:00,"NEV",5400s (~1.5 hours),"1N04T"
"346",75344,"SINCDVGUA","BIPOINT A DO CDV 1N08T ACESSO (INTERMITENTE)",2018-05-10 10:31:00,2018-05-10 10:31:00,2018-05-10 14:14:00,"CAJ",13380s (~3.72 hours),"1N08T"
"347",75377,"SINCDVCAJ","FALSA OCUPACAO INTERMITENTE NO CDV 2N01T.",2018-05-10 19:25:00,2018-05-10 19:25:00,2018-05-11 12:45:00,"CAJ",62400s (~17.33 hours),"2N01T"
"348",75533,"SINCDVCAJ","FALSA OCUPACAO CONSTANTE NO CDV 1S06T.",2018-05-15 05:30:00,2018-05-15 05:30:00,2018-05-15 13:56:00,"CAJ",30360s (~8.43 hours),"1S06T"
"349",75718,"SINCDVLAR","FALSA OCUPACAO CONSTANTE CDV 2N11T ",2018-05-18 13:25:00,2018-05-18 13:25:00,2018-05-18 15:06:00,"CAJ",6060s (~1.68 hours),"2N11T"
"350",75849,"SINCDVIMB","FALSA OCUPACAO NO CDV 1N13-T",2018-05-22 06:40:00,2018-05-22 06:15:00,2018-05-22 15:34:00,"NEV",32040s (~8.9 hours),"1N13T"
"351",76097,"SINCDVCAJ","CDV 2S03T COM FALSA OCUPACAO CONSTANTE",2018-05-29 11:07:00,2018-05-29 10:40:00,2018-06-01 22:15:00,"CAJ",299280s (~3.46 days),"2S03T"
"352",76213,"SINCDVCAJ","FALSA OCUPACAO NO CDV 2S03T",2018-06-01 12:53:00,2018-06-01 12:50:00,2018-06-01 15:22:00,"CAJ",8940s (~2.48 hours),"2S03T"
"353",76566,"SINCDVCAJ","FALSA OCUPACAO INTERMITENTE CDV 2N01T.",2018-06-11 11:36:00,2018-06-11 11:30:00,2018-06-19 16:15:00,"CAJ",707940s (~1.17 weeks),"2N01T"
"354",76694,"SINCDVCAJ","FALSA OCUPACAO CONSTANTE NO CDV 1S05T",2018-06-13 14:39:00,2018-06-13 14:32:00,2018-06-14 14:46:00,"CAJ",86820s (~1 days),"1S05T"
